tyrone@wiza.net,sent
ardella.crooks@dietrich-feest.net,sent
oswaldo_reichert@corwin.name,sent
luvenia_friesen@mills.biz,sent
roxie.jerde@greenfelder-rau.biz,sent
porsche_hessel@adams-williamson.info,sent
charlette@johns.name,sent
todd.mertz@dach.io,sent
joseph@dubuque.com,sent
rodolfo@christiansen.name,sent
haley@koss.name,sent
jamal_dare@watsica-mills.org,sent
fatimah_beer@bernhard-johns.net,sent
rogelio.schmeler@ratke.name,sent
jonah@mccullough-schoen.name,sent
louann.zieme@cole-daniel.co,sent
adolph@cruickshank.info,sent
kurtis@walker.io,sent
fredrick_jaskolski@schumm.info,sent
hubert.walker@weimann.biz,sent
anton@bartoletti.name,sent
ulysses.bartell@lueilwitz.net,sent
giuseppe@sporer.io,sent
maria@schuppe.co,sent
amos.schiller@denesik.name,sent
ismael.christiansen@tillman.info,sent
son@champlin-welch.com,sent
tuan.bechtelar@prohaska.biz,sent
anastacia@ankunding.net,sent
leif.armstrong@aufderhar.com,sent
roberto.hintz@littel.biz,sent
leopoldo@wiza.net,sent
charlott@cronin-emard.name,sent
jenee.cartwright@hyatt.biz,sent
major_miller@bins-schamberger.org,sent
marilee@leuschke.io,sent
hal_bartoletti@auer-macejkovic.io,sent
basilia@torp.com,sent
darcel@zulauf-fahey.co,sent
brian.waters@jacobi.co,sent
donte.pfeffer@sipes-gleason.com,sent
stefan@abernathy-crist.org,sent
earl.legros@wolff.net,sent
merrie@lesch.org,sent
garth.ortiz@gulgowski.com,sent
cary@bechtelar.com,sent
pasquale.ward@donnelly-lynch.com,sent
andres_aufderhar@greenfelder.biz,sent
maurine.mraz@rau.net,sent
filomena_blick@runolfsson.info,sent
lesley.kling@dickens.net,sent
donald_schaden@yost.com,sent
elfrieda_mills@berge.net,sent
mertie.weber@lebsack.biz,sent
versie.smitham@anderson.com,sent
lelia@konopelski.co,sent
lavonna@ward.info,sent
yong.west@stiedemann-willms.org,sent
isidra_mraz@heaney.io,sent
dionne_stoltenberg@reilly.biz,sent
wanda_smitham@bogisich.com,sent
murray.mraz@hackett.org,sent
randy_watsica@swift.co,sent
rodolfo_kassulke@nikolaus-rempel.co,sent
morton@thompson-rippin.biz,sent
reginald_walter@leffler-gulgowski.org,sent
candice.brown@abshire-sporer.org,sent
joleen.mueller@okuneva-kuhic.biz,sent
arlinda@pagac.info,sent
anette@tromp.com,sent
eusebio@macgyver.io,sent
marcel_vonrueden@simonis.co,sent
cami_rice@wilkinson.net,sent
angla@stoltenberg.info,sent
kip.robel@zulauf.name,sent
doyle_swift@turcotte-becker.io,sent
rayford@lueilwitz-feest.name,sent
calista.breitenberg@schuster.io,sent
violette_ritchie@larkin.io,sent
jamar_predovic@okon-ullrich.org,sent
jerome@damore-schroeder.net,sent
tanner@marvin.name,sent
beau.von@nitzsche.io,sent
tory@heller.org,sent
jere_skiles@ruecker.io,sent
nora@herman.com,sent
ramon@hackett-boyer.biz,sent
osvaldo.kunze@gutmann.biz,sent
joey@wisoky-swift.name,sent
raymonde.mckenzie@cassin.io,sent
eugene@parisian.name,sent
adan_parisian@wiza-stark.io,sent
melodie_dubuque@mcglynn.biz,sent
candance_jast@okon-hyatt.net,sent
caitlin.oberbrunner@okuneva.com,sent
elda_reichert@ferry.org,sent
jasmine@kris-bailey.name,sent
almeta@osinski.co,sent
tova_walter@ankunding-kuvalis.co,sent
milford@lakin-walter.io,sent
taylor.rodriguez@mckenzie.com,sent
cedrick_osinski@reinger.info,sent
jarvis.hudson@lubowitz-maggio.name,sent
lane@ondricka.biz,sent
emerita_vonrueden@bartoletti.org,sent
janis@lemke-macejkovic.io,sent
deborah.wintheiser@anderson.net,sent
voncile.gleichner@walker.org,sent
ciera_gerlach@reynolds.com,sent
leslie.mcclure@johnson.name,sent
yuk@bashirian.biz,sent
jose@ankunding.org,sent
lavina@vandervort.com,sent
inger@casper.biz,sent
trinidad@bode.biz,sent
mitsuko.hegmann@sawayn.org,sent
vincenzo@rolfson.biz,sent
grady@leannon.name,sent
charmain.bernhard@cummerata.com,sent
margurite@kozey-brown.io,sent
sofia.lesch@kovacek.biz,sent
claris_zieme@ullrich-graham.io,sent
duane@casper-crooks.io,sent
jake.renner@kutch.io,sent
halley_greenholt@halvorson.co,sent
derick@deckow.info,sent
albert@roberts.io,sent
maryln_hauck@purdy.biz,sent
mitchell.schumm@klocko-trantow.name,sent
nestor@torphy.com,sent
nadia@sipes.biz,sent
mabelle@glover.io,sent
evita.macejkovic@crist.co,sent
stacey_kunde@stroman.org,sent
tyson@block.io,sent
delbert.dickens@schmidt.io,sent
korey.rath@collins.io,sent
deshawn_kuhlman@gleichner-kerluke.name,sent
derrick@stiedemann.name,sent
clinton_weimann@mills-beier.io,sent
denver_will@harber.name,sent
mao_hintz@haley.net,sent
santos.osinski@gibson-mills.biz,sent
marlin@welch.io,sent
charles@parisian-hegmann.org,sent
twanna.mertz@zulauf.org,sent
michal.prosacco@yost-simonis.co,sent
lashell.kessler@gottlieb-rippin.io,sent
denita@greenholt-wiegand.biz,sent
fernando@wiegand.co,sent
helena.mertz@stiedemann.name,sent
maxie@predovic.com,sent
catheryn.kunde@gleichner-pagac.net,sent
carter@rohan-king.io,sent
lavonna@howe.name,sent
bernardo@kemmer-breitenberg.net,sent
elois@miller.io,sent
maynard.hickle@hartmann.info,sent
winfred.mante@strosin.org,sent
deeanna@nitzsche-larson.org,sent
darwin@ferry-walker.info,sent
jackie.barrows@beatty.info,sent
dwain.daniel@predovic.io,sent
gilberto.turner@graham.co,sent
edison.schulist@mccullough.biz,sent
fernanda@jakubowski.biz,sent
hana@ohara-brekke.info,sent
ula@turcotte-armstrong.co,sent
irena@donnelly.net,sent
chet@hand.info,sent
lana_turcotte@schimmel-mayert.com,sent
heather@lindgren.biz,sent
julian.schulist@tremblay-bergnaum.net,sent
catherin.spinka@upton.name,sent
bobbie_grady@feest.com,sent
elvis@breitenberg-daniel.biz,sent
lucretia_carter@pacocha.co,sent
mitch@greenholt.io,sent
cedric@wehner-roberts.biz,sent
lizabeth@aufderhar-hudson.name,sent
stephaine_raynor@schroeder-armstrong.io,sent
josh_gulgowski@hand-muller.net,sent
brian.botsford@homenick.name,sent
shila_doyle@haag.co,sent
tandra@prohaska.org,sent
roxana_mertz@marvin.info,sent
king.adams@ullrich.org,sent
erasmo_johnston@gerlach.com,sent
claude_heller@kirlin.biz,sent
modesta@spencer.com,sent
tory_lemke@feest.net,sent
jewel_wolf@shields.net,sent
shyla.tromp@stiedemann-mayer.biz,sent
cliff.kiehn@boehm.co,sent
arcelia@hoeger.com,sent
clifford@barton.org,sent
paola@swaniawski.net,sent
albertha@prohaska-schroeder.io,sent
nick@schroeder-harber.info,sent
israel_stoltenberg@padberg.biz,sent
angel_rice@schmitt.net,sent
williams.prohaska@heaney-mills.biz,sent
silvia@mcclure.biz,sent
colton@block-okon.info,sent
velia@hirthe.net,sent
andre@collins.org,sent
lorrie.haag@dickinson-fay.com,sent
allie_ortiz@mclaughlin-kuhn.io,sent
kasey@anderson.biz,sent
keesha.marks@simonis.com,sent
stacey.hermann@hickle-howe.info,sent
hector_kub@walter-boehm.info,sent
hugh_torp@farrell.biz,sent
rodger@borer-torp.com,sent
rashad@hudson-lakin.name,sent
thomasine@crona-haag.com,sent
domenic@prosacco-jacobs.name,sent
xavier@daugherty.info,sent
syreeta@marquardt.info,sent
jesse_harvey@ondricka-mclaughlin.com,sent
justin@schmidt.name,sent
kaitlin.kutch@ruecker.name,sent
jared_graham@hudson-dietrich.com,sent
nakesha_crona@goyette.name,sent
emmanuel_lesch@towne-rice.org,sent
magda.boyle@bergstrom.biz,sent
harlan@dicki.name,sent
reynaldo_shields@smitham-stracke.biz,sent
bradly@breitenberg-kreiger.co,sent
irwin@moore.info,sent
tamiko@grant.info,sent
jaclyn_robel@jacobson.co,sent
adalberto.jacobs@reichel.io,sent
barton.emmerich@doyle-swaniawski.net,sent
mitchell_kub@sauer.org,sent
vonda@thompson.net,sent
anderson@mckenzie-monahan.net,sent
lucius_koss@gulgowski.io,sent
raven_gerlach@hudson-collier.io,sent
celina@runolfsdottir.io,sent
ross.terry@harber-hauck.biz,sent
mohamed@treutel-abbott.info,sent
mia.bins@funk.info,sent
tamatha_weissnat@luettgen.com,sent
azzie@nicolas.io,sent
earl_nikolaus@kozey-sauer.com,sent
dale.macejkovic@leffler-lind.com,sent
ross@cartwright-hodkiewicz.com,sent
olen@schmitt.co,sent
gustavo@moore.info,sent
phylicia@kovacek-christiansen.info,sent
karisa_funk@tromp.com,sent
vaughn.leuschke@fahey.net,sent
tomas@grant.org,sent
al_klocko@swaniawski-wolff.info,sent
jarrett.powlowski@baumbach.co,sent
janette_dickinson@nikolaus.com,sent
ellis@farrell-doyle.net,sent
twyla@schoen-ward.com,sent
lavinia@klocko.net,sent
zada_bernhard@casper.co,sent
elinor.hirthe@cormier.info,sent
queen.yost@collins-okuneva.co,sent
rene.rolfson@kunze.biz,sent
leoma@ankunding-stamm.biz,sent
wilton@haley.io,sent
carl@willms.co,sent
porfirio@ratke.com,sent
amado_pacocha@daugherty-kohler.co,sent
linnie.parker@stiedemann.biz,sent
orville@weimann.org,sent
jody@cruickshank.org,sent
leo_predovic@pfeffer.io,sent
tom@smitham.co,sent
randolph.conroy@bradtke.io,sent
sonny_prohaska@bruen-jacobi.info,sent
shanika@sawayn.info,sent
jayson@stiedemann.info,sent
troy_tremblay@morissette.info,sent
scottie.dare@smitham.org,sent
alaina_pfeffer@daniel-bartoletti.co,sent
micheal@prosacco.biz,sent
rocky.mueller@graham.com,sent
nicholas.robel@corkery-kemmer.biz,sent
norine@hahn.biz,sent
elroy@flatley-orn.info,sent
rosario.ebert@nikolaus.net,sent
latina_reichel@block-heathcote.name,sent
terina.grant@cronin.name,sent
guy.walsh@robel-morissette.biz,sent
kristopher@marvin.biz,sent
kennith@herzog.io,sent
jacques_mitchell@okuneva-pacocha.io,sent
toney_kunde@heidenreich.org,sent
guillermo.schuster@toy.biz,sent
karma@douglas-dietrich.net,sent
signe.brakus@cremin.org,sent
crysta@yundt.biz,sent
tracey.stiedemann@jerde.co,sent
nathanial@kshlerin.net,sent
gerald_bashirian@monahan-grimes.co,sent
booker@dibbert.biz,sent
alisia_ebert@dare.co,sent
collette_fahey@johnson.org,sent
joan@lind-lakin.io,sent
dakota@bauch.biz,sent
eddie@huel-daniel.name,sent
hipolito.johnston@schuppe.io,sent
yer_smitham@wilkinson.name,sent
cinthia@mills-hodkiewicz.net,sent
lovella_harber@friesen-wilkinson.org,sent
joshua.weber@pfeffer-bogisich.biz,sent
kisha@muller.io,sent
mike_wyman@crist-waters.org,sent
hugh@nienow.biz,sent
grady_schultz@runolfsson-beatty.co,sent
arthur@fay.io,sent
roberto.zboncak@corkery.name,sent
breanna@howe.com,sent
kyle.shanahan@rempel.info,sent
erika.kautzer@huel-mohr.info,sent
rob@lueilwitz-schuppe.io,sent
brant@keebler.info,sent
hertha.littel@watsica.org,sent
santina@kunze.biz,sent
carmelo.streich@ebert.io,sent
norris@bayer.io,sent
jacque@grant-douglas.biz,sent
ima.hickle@runolfsson.info,sent
ahmed@mayer.biz,sent
ebony_stanton@beatty.name,sent
rod@goodwin.biz,sent
clara@daniel.co,sent
latasha@hackett.net,sent
al@west-langworth.biz,sent
lilian.hoppe@macejkovic-larson.io,sent
maryellen@gorczany.net,sent
jaleesa@kohler.org,sent
venetta@becker.name,sent
jeffry@bernhard.co,sent
rubi@hauck.org,sent
buford@okuneva.com,sent
rene@barton.co,sent
richard@kilback-hettinger.co,sent
cletus.gerlach@brown-rohan.co,sent
shirley.watsica@koch.org,sent
rudy@thiel.io,sent
kimberly@hauck.info,sent
hermelinda@ullrich.net,sent
denny.fisher@weimann.co,sent
wilber@zulauf.org,sent
santo.hills@witting-ledner.org,sent
marc@marquardt-thiel.com,sent
thanh@batz.org,sent
berry@pagac-cole.biz,sent
rayford@ondricka.info,sent
bobby_kris@kerluke.biz,sent
jeffrey.moen@heaney-rosenbaum.com,sent
isaura.kuhic@becker.net,sent
felice.kling@rippin-koepp.net,sent
linh@larson.org,sent
sirena@gutmann.com,sent
art.schuppe@corwin-lubowitz.com,sent
freida_deckow@wolff-kilback.org,sent
rubie_veum@ferry.com,sent
joseph@rippin.io,sent
aurelio@nienow-wilkinson.com,sent
diedre.keebler@gutkowski.co,sent
niki@doyle.com,sent
hallie@beahan.info,sent
teodoro@armstrong.com,sent
wilbert@dietrich.net,sent
michelle_wiza@simonis.net,sent
sidney.renner@weimann.co,sent
delmar.schaden@hessel.com,sent
hollis@mann-jones.info,sent
cary@jerde.net,sent
tomas.heathcote@moen.org,sent
luther@leuschke.co,sent
alita.kassulke@schamberger.com,sent
moira_abshire@hilll.com,sent
monroe@funk.info,sent
joselyn@runolfsson.net,sent
virgina@ortiz-runolfsson.co,sent
treasa@hodkiewicz.com,sent
kendra@altenwerth.io,sent
lawanna@ziemann.net,sent
buck.bogan@streich.io,sent
isidro_balistreri@bashirian.io,sent
tracee.reichert@kovacek.biz,sent
rory.raynor@feeney.io,sent
isobel_frami@bartell-lind.co,sent
erwin@mills-murray.net,sent
nelle.walter@weber.co,sent
gay.bednar@bergstrom.biz,sent
george.aufderhar@feest.co,sent
alvaro@boehm-mraz.biz,sent
terence.johnson@orn.info,sent
isiah.hand@crona-jaskolski.name,sent
lorene@lockman-berge.com,sent
michell_brakus@anderson.io,sent
gregory@willms-rau.net,sent
rubi@price.io,sent
margeret@runolfsson.io,sent
regan_blanda@schowalter-langworth.biz,sent
elias.mcdermott@corwin.name,sent
arlyne.willms@torp.biz,sent
tawanna_hammes@zemlak.name,sent
gabriele_quitzon@maggio-abernathy.io,sent
delois_robel@mckenzie.io,sent
ivory_hermann@kertzmann-witting.name,sent
cristopher_schoen@hettinger.info,sent
kaylee@abbott.co,sent
bert@turner.biz,sent
davida@white.net,sent
oren_rau@collier.biz,sent
leana@lockman.io,sent
alison@fritsch-paucek.biz,sent
marianela.littel@schowalter.io,sent
tamisha@rowe-prohaska.info,sent
bradford@williamson.name,sent
lashaunda@yost-klocko.io,sent
dong.frami@pouros-schroeder.name,sent
nigel_stroman@reichert.name,sent
keven.shanahan@conn.biz,sent
emiko@koch.co,sent
greta_vonrueden@stroman-koepp.biz,sent
marilu@bahringer.io,sent
solomon@fisher.org,sent
rosy@pfeffer-effertz.org,sent
lala@bogan.co,sent
delma@blick.io,sent
boyd@gleichner.biz,sent
fidel_tillman@adams-thiel.net,sent
rickey.lubowitz@halvorson.com,sent
jeremy.white@wisozk.name,sent
adrianne.kuphal@mitchell.co,sent
angel@considine.name,sent
lyn@pfannerstill.name,sent
roosevelt@fisher.co,sent
jule.crooks@balistreri.biz,sent
jamie_lindgren@gulgowski-crist.info,sent
dulce_schaden@labadie.org,sent
vallie.quigley@friesen.io,sent
rosanne_kling@simonis-botsford.org,sent
bernie_howe@wuckert.name,sent
jenifer@west.biz,sent
zack@lebsack-ankunding.org,sent
joesph@hermiston.name,sent
morton@bergnaum.io,sent
sheree@torp-thiel.name,sent
noel.hettinger@marks-pfeffer.biz,sent
thao@abshire-moore.net,sent
terra_stanton@mclaughlin-hilpert.info,sent
yoshiko_cremin@hoeger.com,sent
ralph@thompson.net,sent
tajuana.keebler@armstrong.net,sent
julius@becker-romaguera.io,sent
tanja_mohr@schuppe-funk.name,sent
rachal_fahey@connelly.biz,sent
taina.harris@hagenes.co,sent
vashti_renner@jacobson-muller.co,sent
margery@feil.net,sent
otto.swift@weber.com,sent
lieselotte@reichert.net,sent
ruthe@spinka.co,sent
crista@runolfsdottir.io,sent
johnetta@lang.com,sent
thao@koelpin.co,sent
alec.monahan@von.org,sent
kenny_bechtelar@bosco-gusikowski.io,sent
blondell.vonrueden@mills-skiles.com,sent
juan@reynolds.info,sent
dion@conroy.org,sent
eveline_ruecker@murray-spinka.org,sent
shawn_greenholt@hayes.com,sent
rosalyn.goodwin@kovacek-kuvalis.info,sent
dionne@spinka.net,sent
norberto.green@lind.io,sent
raphael_quitzon@feeney.net,sent
delfina.shanahan@mayert.org,sent
damion_pacocha@schiller-quigley.io,sent
hershel@lueilwitz.name,sent
joyce@mayert.net,sent
dede@dubuque-schaden.net,sent
nakita_goldner@casper.com,sent
miesha.white@boyle.net,sent
arden@nienow.co,sent
lawrence_jerde@lehner.org,sent
andera_hansen@herzog-mayert.co,sent
brigette.terry@weber.name,sent
scott@skiles-johnston.org,sent
jude.tillman@emmerich.com,sent
margo.ratke@runolfsdottir.net,sent
morris@treutel.biz,sent
marcos@bins.biz,sent
jc_altenwerth@kub.net,sent
valeri_paucek@hauck.biz,sent
virgil@botsford-kuvalis.co,sent
sol.herman@schmitt.com,sent
jasper@mckenzie-oreilly.biz,sent
sean@stehr.com,sent
latanya@grimes.org,sent
kelsey@walter.io,sent
virgil@nolan.net,sent
lane@lang-willms.biz,sent
lupe@bode.biz,sent
matha_douglas@hettinger-hegmann.name,sent
traci@vonrueden.name,sent
spring_mosciski@gutkowski-sanford.name,sent
jimmie@wisoky.name,sent
elbert@altenwerth-bruen.org,sent
blair@krajcik-ernser.io,sent
harvey@goyette.org,sent
abraham.wuckert@gerlach.name,sent
susanna_kreiger@langworth-hermiston.net,sent
claribel.doyle@luettgen.info,sent
juliet@collins-goyette.com,sent
numbers@goldner.info,sent
andria@stoltenberg.org,sent
tamekia_dietrich@gislason-thiel.co,sent
theresa@damore.name,sent
hugo@ankunding-mosciski.co,sent
martin.gutkowski@yost.com,sent
roberto@upton.name,sent
toshiko@littel.com,sent
stefan.maggio@waters.io,sent
berry.gulgowski@murazik.com,sent
raul@walter-bashirian.org,sent
carlos_miller@koch.info,sent
doyle_murray@stoltenberg.com,sent
elodia@senger-paucek.info,sent
verona@kris-armstrong.co,sent
rodolfo@ernser.biz,sent
robbie_turcotte@mclaughlin-pacocha.net,sent
earnestine@langworth.name,sent
wesley@kunze.biz,sent
dwayne.fadel@boyle-torp.io,sent
faustina@bradtke.co,sent
teodoro_kassulke@schultz.io,sent
tony@abshire.info,sent
maryanna@rolfson-wolff.org,sent
virgilio@swift-walter.biz,sent
landon.becker@farrell.org,sent
valeria@koepp-oconner.biz,sent
matt_monahan@oreilly-cummerata.io,sent
karima@nitzsche-raynor.com,sent
ilse.hoppe@keeling.name,sent
coleman@langosh.co,sent
vance@kozey.co,sent
vina@herzog.info,sent
holly_klocko@cremin.net,sent
palmer.schumm@frami-connelly.io,sent
ivan@thiel-buckridge.org,sent
martina_gibson@barrows.info,sent
ilse@carter.com,sent
luke_howell@feil-kling.net,sent
quiana@turner.name,sent
rea_mann@lowe.io,sent
doloris@bahringer.com,sent
roseanne_lemke@ondricka.com,sent
mack@goodwin.name,sent
nolan@collins.name,sent
sydney@farrell-littel.info,sent
thresa@donnelly.io,sent
emerson_maggio@bailey-oconner.name,sent
kenton_bauch@brakus.net,sent
darius_wolff@hammes-mayert.net,sent
alfreda.parker@koss.co,sent
denis@macgyver-jast.org,sent
kaycee@ledner.info,sent
chelsey@murazik.net,sent
deena_bednar@ferry.com,sent
milan_rempel@dietrich.info,sent
dennis@bergstrom.io,sent
thu@mraz.name,sent
eliseo_kunze@kris.com,sent
lonny_klocko@graham.info,sent
clinton@waelchi-lebsack.net,sent
alpha.hackett@conn.org,sent
lorita.runolfsdottir@kertzmann-wilkinson.name,sent
connie@rogahn.net,sent
carmelo_franecki@keebler.org,sent
royal_hirthe@ankunding.com,sent
azucena@lakin.com,sent
wyatt@mohr.name,sent
carrol@hammes.net,sent
wilburn@cormier-becker.name,sent
twanna_howe@maggio-koss.org,sent
agnes@schaden.info,sent
jan.fay@labadie.net,sent
bennie@lynch.biz,sent
mai@olson.info,sent
jermaine@konopelski.io,sent
rebecka@keebler.biz,sent
elbert@schmeler.info,sent
terry_crist@bailey.info,sent
dominga.rempel@gutkowski.info,sent
lynwood@lindgren.net,sent
dan@thiel-ruecker.info,sent
una_reinger@metz.com,sent
jefferey@heathcote.com,sent
demetria@kutch.biz,sent
justine_murray@jacobson-hackett.co,sent
teena@tremblay-treutel.co,sent
wilson@balistreri.io,sent
melda.walter@gottlieb.co,sent
eldridge.hoeger@emard.io,sent
irene_rolfson@cole.co,sent
phoebe@price.net,sent
estefana@leffler-gerhold.co,sent
georgeanna.senger@mills.biz,sent
joye_ernser@mayer-stehr.info,sent
sharita.okon@will-schiller.name,sent
kiera@langosh.name,sent
eddie_thiel@gerhold.info,sent
melida@maggio.co,sent
kasie@bruen.io,sent
freeman.boyle@schumm.org,sent
lynelle@reichert-schmitt.name,sent
imogene_walker@cronin.name,sent
elisha.leuschke@conroy-oberbrunner.biz,sent
glendora_grady@moore.org,sent
gerardo@cummerata-jacobson.com,sent
ching_turner@cassin.biz,sent
maris@hauck-rempel.name,sent
william@keeling.biz,sent
jayson@rempel.com,sent
marie.aufderhar@davis.net,sent
stanton_ohara@baumbach.com,sent
jason_stoltenberg@hills.biz,sent
lon@turner-homenick.com,sent
lecia_wisoky@sporer.com,sent
raymon.corkery@botsford-spencer.net,sent
vesta.kulas@herzog.name,sent
bella.schmidt@kohler.net,sent
kendall@borer.org,sent
kelvin@reichert.name,sent
sung.schneider@ohara-collier.com,sent
rico@torp.info,sent
tamekia@oberbrunner.com,sent
kay@carter.net,sent
waltraud@will-hartmann.biz,sent
victor@turner-cruickshank.biz,sent
bryan@cummerata.net,sent
ariel.brown@stroman.biz,sent
ben.schmeler@reichert-pacocha.biz,sent
annice@parker.net,sent
lazaro@mann.net,sent
antonia@rowe.org,sent
felisha.spinka@veum.com,sent
vance_kulas@cassin-larson.net,sent
violet_welch@ryan.net,sent
lavonia@wiegand.com,sent
lane_schuster@watsica.co,sent
bianca@conroy.info,sent
ernest@ferry-miller.biz,sent
danilo@harber.co,sent
vanita_kozey@friesen-mueller.net,sent
tammera.orn@tremblay.com,sent
dannie@durgan.io,sent
lupe@champlin-hansen.co,sent
misti_rogahn@quigley.biz,sent
genaro@considine-smitham.name,sent
edward.kuphal@feil-schuppe.name,sent
bryan@beahan.co,sent
timothy_littel@nienow-mueller.net,sent
lezlie@leannon-ruecker.io,sent
lenard.douglas@hamill.io,sent
gale_king@hudson.net,sent
brendan_dickinson@goyette.biz,sent
carolynn@runolfsson.info,sent
tyra.ondricka@marks-herman.io,sent
shirley_weber@kovacek-mckenzie.net,sent
dave@lubowitz-treutel.co,sent
daryl.jenkins@lehner.io,sent
wilson_schaefer@green-veum.org,sent
an.reichert@schaefer.info,sent
lorine@ankunding-smith.net,sent
mario@schoen.co,sent
alex@rowe.name,sent
kory.gleason@johnston-mills.io,sent
bobby@parker-harber.info,sent
stefani@haley.co,sent
sol@larson.org,sent
ela.lemke@weissnat-hills.io,sent
rosetta@heller.biz,sent
sabina@dickinson.com,sent
kasey@sanford-mcdermott.io,sent
curtis_spencer@swift.net,sent
january@bailey.com,sent
helene@sauer-tremblay.co,sent
lakeesha.fadel@kovacek-schimmel.com,sent
tesha_purdy@rice.com,sent
eli.stroman@bashirian-thompson.io,sent
rosario_becker@gleichner.info,sent
miquel@becker-mccullough.io,sent
tommy@boyle-grant.com,sent
machelle_reichel@okuneva.name,sent
giovanni_beer@welch.info,sent
leif@jacobs.com,sent
geoffrey.weber@spinka-damore.net,sent
byron_gulgowski@renner.io,sent
jeromy@koelpin.name,sent
laurette_hammes@kohler.co,sent
leonardo@hansen-heathcote.biz,sent
sadie.bartell@breitenberg.com,sent
herb@littel.org,sent
wilford_rolfson@hartmann.biz,sent
wilbert@kub.net,sent
angeline@pfeffer.net,sent
tristan_stehr@koepp-kutch.co,sent
mitch@nader-strosin.io,sent
teodora_moen@jakubowski.io,sent
ressie@price-graham.org,sent
daron@balistreri-fay.biz,sent
anastacia_larkin@homenick-senger.net,sent
sandie@feest.name,sent
annamae_gutmann@bradtke.com,sent
ulysses_swift@ryan.com,sent
leone_bergnaum@mayer.com,sent
tressa.hayes@pouros-miller.net,sent
herbert@cruickshank.name,sent
titus.mclaughlin@jacobs.io,sent
timmy_lynch@hoppe.org,sent
kandice@hahn.name,sent
murray_heller@predovic.io,sent
frederick.jenkins@huel-okeefe.com,sent
delmar.rogahn@brakus-kub.net,sent
keven_tromp@treutel-kunde.biz,sent
gino@haley.co,sent
kenny@wolff.net,sent
shala.ankunding@greenholt.net,sent
cammie.deckow@considine.io,sent
tory@nikolaus.info,sent
cleo@hintz.co,sent
olin@hoppe-schoen.org,sent
mitchell.gleichner@turner-ondricka.info,sent
rudolph@mcclure.io,sent
zona@dach.co,sent
blossom.bernhard@king.biz,sent
sydney@beatty.com,sent
belen@walker.info,sent
saul_kuhic@sauer-farrell.info,sent
neal_durgan@senger.name,sent
myriam.koepp@davis.com,sent
colton@powlowski.biz,sent
amos.spencer@shanahan-graham.co,sent
jewel@berge-bechtelar.co,sent
eusebio.torphy@bergnaum-lubowitz.org,sent
ollie@reynolds.io,sent
cruz@welch.org,sent
brendon@bechtelar-white.com,sent
benjamin@brekke-barton.info,sent
doyle@schumm-little.net,sent
cleo_lemke@wiegand.info,sent
erminia@oreilly.co,sent
beverly@mills.info,sent
mitsue.halvorson@cummerata.info,sent
dacia@huel-romaguera.biz,sent
lela.willms@metz-simonis.name,sent
kareem.effertz@oreilly.io,sent
levi@hessel.com,sent
trevor@schneider.biz,sent
edwardo@steuber.io,sent
zora@macejkovic.co,sent
paris.hickle@hahn.org,sent
cedric@swaniawski-herman.info,sent
lamar_rippin@murazik.info,sent
maxima@hayes.name,sent
wilfredo@boyer.org,sent
amiee_witting@zieme-turcotte.com,sent
darnell_rogahn@lehner.info,sent
vance_jacobs@oreilly-zemlak.com,sent
takako_dicki@strosin.name,sent
oretha_okon@bradtke.org,sent
bonny@schuppe.net,sent
serena.emmerich@ferry.org,sent
billi@hoppe-cronin.info,sent
rocky@klein-hirthe.io,sent
alphonse_zemlak@herman-medhurst.info,sent
barton.kautzer@leannon-mueller.info,sent
sherrie@reichert-ernser.info,sent
bee_bernhard@mraz.name,sent
maybell.hodkiewicz@beier-huel.io,sent
susann@heathcote.name,sent
fredrick.weber@ebert-emard.info,sent
dean@pouros-crona.name,sent
bobby@hodkiewicz.info,sent
adam.schulist@wuckert-lebsack.net,sent
jeromy_feest@howell.info,sent
hilario@quigley-mcclure.com,sent
jacob.durgan@bartoletti-hermann.io,sent
gregg@schroeder.com,sent
dean_walsh@rodriguez-bayer.org,sent
devona_walker@schiller.info,sent
russ_friesen@gusikowski.net,sent
eldora@considine.com,sent
jc@medhurst.name,sent
troy@mohr-russel.org,sent
edris_cronin@hartmann-thompson.io,sent
horacio@bailey-olson.biz,sent
dyan@schinner.co,sent
dominique_fay@runolfsson.org,sent
jacqueline_huel@pfeffer.info,sent
dennis_bergstrom@bergnaum-gutkowski.io,sent
ward.medhurst@herman.biz,sent
adelina_wilkinson@dickens.io,sent
bradford@raynor.net,sent
sonya@wunsch-mueller.co,sent
lakisha@hudson.net,sent
roderick_fisher@mueller.com,sent
sherley_schaefer@kuhlman-wisoky.com,sent
carry@senger.name,sent
duane_hermann@pouros.com,sent
alan@schmitt.net,sent
shelly.hane@gusikowski.io,sent
thu@macgyver.biz,sent
kristyn@hand-terry.io,sent
lavina@boyer.info,sent
ira@mann-pfeffer.co,sent
bernie@beier-boyle.co,sent
kurt_brown@lakin-abshire.com,sent
tasha@wisoky.io,sent
cristin@wintheiser.com,sent
kenisha.murray@parker.name,sent
leatrice_hirthe@feil-bartell.name,sent
drucilla@trantow.name,sent
marco.nitzsche@moore.io,sent
brad@smitham.org,sent
maxwell_tromp@nienow.name,sent
armand@kihn.org,sent
esmeralda@ziemann.io,sent
mauro_gusikowski@schimmel.net,sent
arnoldo@walker.org,sent
merlin_kris@hansen-bernier.org,sent
raina@hills.net,sent
regena.boehm@spencer-johnson.com,sent
jonas_weber@cremin-sipes.name,sent
steve@volkman-huels.com,sent
kasandra@hansen.org,sent
rob@rippin.io,sent
gisele_brown@hand.biz,sent
berry@tremblay-willms.co,sent
criselda@schneider.io,sent
mark.botsford@reinger-weimann.io,sent
arielle.corkery@stanton-williamson.net,sent
riva@bartell-becker.org,sent
hollie@dicki.biz,sent
celine_hodkiewicz@labadie-langworth.io,sent
toby.keebler@reilly.io,sent
lyndia@leannon.co,sent
everett@blanda.com,sent
amy_hane@hoppe.io,sent
myra_marks@adams.info,sent
carey.lockman@leffler-wuckert.io,sent
brooke_turcotte@hansen.name,sent
carlota@botsford.net,sent
ross_mcclure@crist.net,sent
chang@kemmer.co,sent
rob@koepp.io,sent
roxy.dicki@wisoky-lueilwitz.com,sent
jovan@bergnaum.info,sent
katina@simonis-kuphal.org,sent
dan.mcglynn@blick.info,sent
antwan@littel.io,sent
lottie@mayer-kling.co,sent
tomeka@windler.co,sent
jerrod@kuvalis.info,sent
harry_reichel@toy.biz,sent
ping@kohler.net,sent
janae@cruickshank-kirlin.co,sent
johnathan.will@bernier-leuschke.co,sent
alfred@becker-beier.com,sent
quinn@ullrich.co,sent
nisha_blanda@parker.org,sent
ezekiel@ledner-botsford.info,sent
marlo.flatley@oconnell.io,sent
daniel@bogan.biz,sent
corliss.nicolas@auer.co,sent
maurita@zemlak-keeling.io,sent
silvia@schinner-bernhard.net,sent
kendrick@jones.biz,sent
kenneth_bins@kling-berge.co,sent
wynona@rutherford-stark.com,sent
ivan@wehner.biz,sent
hiram@kshlerin.com,sent
brock.hintz@boyer.name,sent
verda.hilpert@runolfsson.info,sent
valorie.monahan@hudson.biz,sent
cori_schroeder@vandervort-zieme.io,sent
terence_murray@parker-abernathy.biz,sent
corrina.stehr@rath.org,sent
winfred@emmerich.com,sent
rocco@haag.info,sent
suzann@bode-weber.net,sent
laverne.mcdermott@mueller.info,sent
wyatt_hermann@haley.org,sent
buck.bahringer@herman.info,sent
gretta.dooley@dicki.net,sent
dierdre_wuckert@volkman.com,sent
edwardo@vonrueden.name,sent
julius_turner@breitenberg.name,sent
zachariah@schaden.com,sent
alva_ohara@denesik.io,sent
lupita@kovacek.net,sent
jeremiah_heidenreich@champlin.biz,sent
paris.flatley@breitenberg.com,sent
felix_langworth@bartell.info,sent
kacy@von.org,sent
kirby.ferry@hoppe.net,sent
sally@grimes-marks.name,sent
avery@welch-beer.net,sent
keenan.mohr@roberts.org,sent
shandra.sporer@reichel.co,sent
eddy@roob.com,sent
lynn@stanton.info,sent
toney_langosh@johns.biz,sent
kerry.marvin@schoen.biz,sent
shauna@dickens.org,sent
maynard_nader@pouros-spinka.io,sent
tiny.howe@littel.com,sent
alise@block.name,sent
delmar.ebert@pouros.name,sent
ed.leffler@sanford-lemke.biz,sent
artie_von@legros-kling.org,sent
robby.parker@stanton-dietrich.io,sent
sid@hoppe-connelly.org,sent
january.blanda@hermiston.io,sent
deeanna@jacobson-marvin.biz,sent
aleisha@wintheiser.io,sent
adah_walter@marquardt.com,sent
marquetta@parker-daugherty.name,sent
salvador.oreilly@luettgen-satterfield.biz,sent
terrence@quigley.biz,sent
charmaine.abshire@goldner.org,sent
numbers.bernhard@pouros.info,sent
gilbert@altenwerth.com,sent
buster@harber-jones.com,sent
emerson.littel@hauck-jenkins.com,sent
frankie.russel@casper-berge.biz,sent
henrietta@murray.name,sent
mae_mertz@kohler.org,sent
nanette@bergnaum.co,sent
danilo_conroy@mclaughlin-grady.co,sent
sheryll.leannon@kreiger.io,sent
bennett.lubowitz@parker.info,sent
vance_ritchie@rogahn.org,sent
rodney@mayer.info,sent
bao@lesch.co,sent
lakia_grady@bailey.io,sent
frances@hagenes-miller.org,sent
eliza_mcdermott@oberbrunner.info,sent
emery@wyman.co,sent
larissa.gorczany@dickens.biz,sent
galen.beier@stehr-mccullough.org,sent
kiley.lang@macejkovic-pacocha.info,sent
mel@barrows.org,sent
teressa@toy.info,sent
gino_hand@dooley.name,sent
angle@zieme.name,sent
faustina_littel@thiel.io,sent
mauro@wyman.name,sent
connie_ledner@mraz.com,sent
un.hansen@macejkovic-pagac.biz,sent
nicolasa_stracke@johnston.io,sent
emelina_willms@dooley.biz,sent
kaitlyn.oconnell@larkin.info,sent
newton.kessler@koch-schmeler.info,sent
nikia@murray.co,sent
mi.klocko@ankunding-breitenberg.co,sent
jessia_mcglynn@murazik.io,sent
sam.dooley@grimes-kozey.info,sent
garth@hagenes.name,sent
lucien_dubuque@smitham.info,sent
tristan@jacobs-koch.io,sent
millard_huels@bosco.co,sent
elna@casper-hoppe.io,sent
