lawanda@littel.net,failed
gilma@cummerata-streich.com,failed
shirleen.turner@heathcote.io,failed
racquel.wilderman@kuphal-ziemann.co,failed
libbie.steuber@kunze.com,failed
eddie.kuphal@glover-kuphal.biz,failed
blake.tremblay@wintheiser.io,failed
aja.kihn@tillman.io,failed
farah_lakin@russel-witting.net,failed
rosella@funk.info,failed
scott@turcotte.com,failed
maryln_cremin@zboncak.com,failed
trinidad@mayer-casper.net,failed
tierra_okeefe@bauch.org,failed
roseline_west@mohr.com,failed
korey.grimes@bednar.io,failed
virgilio.quigley@will.info,failed
shavonda_rutherford@ward-hickle.info,failed
kenyatta@runolfsson.net,failed
nichole.jacobi@christiansen.co,failed
merle_wisozk@strosin.name,failed
rosanne@wilkinson.biz,failed
elmo@hartmann.io,failed
burt@towne.net,failed
nancee@cremin-schaden.net,failed
tommy@bartell.co,failed
jewel.stanton@yost.net,failed
dominica.rice@schuppe.com,failed
wyatt@ledner.org,failed
ola@glover.com,failed
boyce@hilll.name,failed
laverne.feest@hahn.info,failed
stephane.stehr@trantow.org,failed
bruce.roberts@funk-graham.biz,failed
miquel.will@mayert.name,failed
elinore.lemke@emmerich.org,failed
jerold_rogahn@zieme-wunsch.info,failed
kelsey@dubuque.org,failed
chauncey.mann@jones.co,failed
debbra@stamm.io,failed
caitlin.abbott@vonrueden-jast.net,failed
antwan@ondricka.info,failed
marya.senger@dibbert.co,failed
hector@padberg.io,failed
lorena.weissnat@herzog.org,failed
hattie.bailey@strosin.biz,failed
nita@witting.io,failed
val@reichel.net,failed
shelton@shanahan.biz,failed
pablo@runolfsson.io,failed
nyla.hane@kulas.com,failed
augustine@bartell-olson.info,failed
branden_kunze@friesen.name,failed
gabriel@koepp.org,failed
luciana.kerluke@spencer.com,failed
etsuko@blanda-bashirian.biz,failed
sanford.greenholt@goodwin.com,failed
kati.deckow@russel.name,failed
felice@hessel.org,failed
hiram@ernser.net,failed
tova_champlin@kohler.org,failed
siu@weissnat-homenick.name,failed
melonie.strosin@balistreri.co,failed
margarito_donnelly@von-oconner.com,failed
yang@friesen.name,failed
dagny@sawayn-littel.net,failed
arron@christiansen.biz,failed
sharee.corwin@kling.info,failed
nathaniel_nolan@hegmann.net,failed
branden@schmidt-reinger.org,failed
charlie_mcdermott@hoppe-stokes.net,failed
robin@daugherty-crona.com,failed
celena.carter@nicolas.biz,failed
long.blick@beier.name,failed
nora.parisian@gleason.co,failed
boyd@keebler-quigley.co,failed
faye@ebert.name,failed
emerson.borer@altenwerth.com,failed
sabrina_haley@leffler.biz,failed
yasuko@rosenbaum.org,failed
aron.huel@bogisich.io,failed
sandy_johnson@shields-kilback.co,failed
milan.schmeler@spinka.biz,failed
milissa@buckridge.biz,failed
horacio.hane@ratke.com,failed
eda_christiansen@pacocha.com,failed
cassondra_schimmel@ryan.name,failed
ezra_schumm@hammes-jacobi.org,failed
tracy@mosciski-mohr.io,failed
leland_stark@frami.com,failed
kieth@kohler-goldner.io,failed
teressa_mueller@hudson.org,failed
major@heller.net,failed
buffy.powlowski@berge-frami.info,failed
horace_mayer@schaefer-wolf.biz,failed
ozie.emard@tillman-dooley.org,failed
crystal@gleichner-okuneva.name,failed
arianna@kemmer.com,failed
mark.walsh@price.co,failed
ahmad_schinner@robel.co,failed
nelida.mitchell@murphy.com,failed
garth.fadel@beer-waelchi.io,failed
britt_watsica@schumm-damore.info,failed
rosemarie@dickens-wyman.net,failed
nathaniel@kerluke.co,failed
charissa@maggio-spinka.info,failed
lakenya@nienow.co,failed
joseph@runte.name,failed
dewayne.pollich@berge-stracke.name,failed
hedwig@watsica-ruecker.org,failed
shanti@zboncak-aufderhar.co,failed
elijah@spencer.com,failed
fiona@macgyver-schuppe.net,failed
monty.satterfield@green.biz,failed
sharda_ernser@hessel.io,failed
sherell_stoltenberg@ortiz-windler.com,failed
ahmad@mayert.org,failed
ivory_considine@grimes.com,failed
floretta@schmitt-erdman.com,failed
jim.gleason@oconner.biz,failed
nathaniel_abbott@berge.co,failed
vernice@hoeger.info,failed
riley@gutmann-cummerata.io,failed
rosalinda@hamill.org,failed
gonzalo.hansen@conroy.com,failed
gino_langosh@jast.net,failed
hunter@okon-nikolaus.com,failed
roy.ohara@hegmann-connelly.io,failed
seema@murray-conroy.org,failed
elinore_donnelly@raynor.com,failed
cleo.ratke@huels-torphy.org,failed
hoyt.krajcik@adams.biz,failed
nia@runte.info,failed
rashad.vonrueden@halvorson-durgan.net,failed
lanny@bode.info,failed
erwin.witting@murazik-moore.co,failed
shannon.schmeler@hahn.info,failed
stefan@waters-raynor.name,failed
emerita@monahan.name,failed
rosario_ziemann@fahey.io,failed
erick@gleason.info,failed
mervin@streich.io,failed
gregg@ritchie.name,failed
janey.sporer@macgyver.co,failed
lucas@renner.info,failed
claud_kirlin@nader.io,failed
herb@willms.info,failed
jacquelyn_rempel@denesik.org,failed
flora.collier@bayer.name,failed
shayne@douglas-weissnat.name,failed
lachelle_cummerata@koss.info,failed
carlyn_stanton@kreiger.com,failed
morton.keebler@goodwin-morissette.co,failed
christoper@mitchell.name,failed
ashley@runolfsdottir-herman.co,failed
bryant_predovic@stiedemann-blanda.biz,failed
tonie@schimmel.net,failed
chong_weber@gutmann.net,failed
flor_carroll@dibbert.name,failed
sidney@zemlak.biz,failed
jared@champlin.io,failed
dewey@goyette.biz,failed
oren.metz@howell.net,failed
verdie.reichel@quigley.com,failed
tuan_mohr@damore-becker.name,failed
weldon@hirthe.net,failed
marline.lowe@ratke-crist.com,failed
jeramy.jerde@morar-kessler.com,failed
sena.steuber@fadel.biz,failed
marty_wilderman@romaguera.biz,failed
gerard@quigley-moore.net,failed
alphonse@schultz-ohara.co,failed
dorla@harvey.co,failed
sunni@lind-macejkovic.name,failed
zena_wisoky@medhurst.com,failed
bertram@halvorson.org,failed
hilary@hills.io,failed
odessa_kozey@rosenbaum.info,failed
takisha.thiel@durgan.biz,failed
kandis@mcclure-roob.info,failed
morgan.walter@haley-bechtelar.co,failed
marie@glover.net,failed
ha_ankunding@reilly-ritchie.com,failed
adolfo@blanda.co,failed
enoch_oberbrunner@sawayn-goldner.name,failed
nydia@smith.co,failed
terry@rice-kautzer.info,failed
jerrold_pfannerstill@carroll.co,failed
cameron@pollich.info,failed
meta@leffler-oberbrunner.io,failed
bernadine@harris-muller.biz,failed
thurman.fritsch@wolf.io,failed
lindsey@ritchie.io,failed
desiree.braun@beatty-schaden.io,failed
shad_feil@aufderhar-zieme.name,failed
corazon.turcotte@upton.co,failed
dale_rodriguez@mitchell.name,failed
lester@buckridge.name,failed
jerold@kshlerin.org,failed
darcy_schaefer@toy-mann.org,failed
miguel_lueilwitz@tromp.co,failed
marylyn@streich.co,failed
terri@moore-satterfield.info,failed
gustavo_kerluke@boehm-hahn.co,failed
julieta@hamill.net,failed
dorene.west@stark.net,failed
russell.quitzon@macgyver.info,failed
vanna.bosco@gorczany.io,failed
elene@strosin.io,failed
hugh.stokes@wilderman-waters.com,failed
chance@cassin-wuckert.co,failed
jovan.ebert@parker.org,failed
raymond_schimmel@wisozk.biz,failed
golda_monahan@nicolas.co,failed
edmund_jacobs@herzog.co,failed
elly.nienow@crooks-jerde.com,failed
marc@mueller.net,failed
caleb.smith@auer.co,failed
giuseppe.oberbrunner@wintheiser.biz,failed
otha@torp.org,failed
dion_legros@davis.name,failed
val.waelchi@kertzmann.org,failed
peter@bailey.io,failed
ariel@nader.co,failed
warren@luettgen.net,failed
abel@towne-reichel.org,failed
shantae@leuschke.info,failed
son@stanton.com,failed
frances_heaney@little-dickinson.biz,failed
garland_fadel@grimes.biz,failed
burt_kovacek@heaney.biz,failed
terese_kemmer@corwin.org,failed
elvin@schimmel-corwin.io,failed
cherly.roberts@aufderhar.name,failed
richard.gusikowski@cormier-marks.name,failed
donald_terry@mosciski.io,failed
lavern.lubowitz@hayes.io,failed
lita.brakus@dach.org,failed
octavia.schmitt@block-carter.io,failed
adan@hirthe.name,failed
ligia@stiedemann-lubowitz.co,failed
marshall.witting@hoppe-orn.com,failed
rosalina@beier-berge.org,failed
mitch_lubowitz@prohaska-mann.io,failed
doyle@mcglynn-hane.org,failed
kori@homenick.info,failed
elijah_wilderman@dickinson.com,failed
elisha@collins-ortiz.net,failed
andrea_blanda@koch-harber.info,failed
edward.russel@fay.io,failed
deshawn@okuneva-west.io,failed
marquita@lind.com,failed
gavin@huel-labadie.org,failed
elvis@cremin.biz,failed
glennie.hansen@kassulke-schaefer.com,failed
celena@bailey-nikolaus.com,failed
nathanial_romaguera@schowalter.biz,failed
tommy@bednar.com,failed
asha_tillman@howell.info,failed
quentin@russel.io,failed
tora.mcclure@lang.com,failed
vicky_sanford@towne.com,failed
roberta@schneider.biz,failed
princess_turcotte@zboncak-crist.info,failed
grady@hackett.io,failed
jene@stanton-konopelski.biz,failed
grisel_turner@keebler-considine.name,failed
robbin.reichert@johns-lynch.co,failed
darell@stehr-bednar.net,failed
chantal@cruickshank-gusikowski.co,failed
bernard_berge@mccullough.name,failed
abel@hilpert-moen.biz,failed
svetlana@bayer.com,failed
emilia@frami.io,failed
afton@feil.io,failed
sudie.wintheiser@wuckert-witting.com,failed
ali.jenkins@mertz.com,failed
dennis_windler@walsh.biz,failed
adrian@cassin-hammes.org,failed
wilbert@erdman-damore.com,failed
dewayne@stroman.biz,failed
andres_ebert@leffler.co,failed
delmar_grant@kunze.net,failed
loretta_koss@schowalter.io,failed
frankie@funk.org,failed
shizue@mohr-heathcote.io,failed
murray@swaniawski.co,failed
shaun@schumm-olson.com,failed
nilda@harris-kohler.co,failed
yolando@cole.org,failed
danny@greenholt-tromp.biz,failed
werner@green.com,failed
herman@krajcik.co,failed
donnetta@reynolds.com,failed
ed.schamberger@brown-flatley.net,failed
matthew@simonis.net,failed
krystle@grady.io,failed
delena.carter@mccullough.net,failed
sal@friesen.name,failed
shiloh@turner.co,failed
jerry_stoltenberg@quigley-satterfield.name,failed
cheree_paucek@gerlach.io,failed
faviola@klein.biz,failed
larry@rodriguez.co,failed
oswaldo@dickens.net,failed
michale_legros@turner-beer.org,failed
catrina@kunze.net,failed
mckinley.kris@jast.com,failed
leroy.schamberger@runolfsdottir.net,failed
mable_marquardt@becker.biz,failed
shirley.grimes@connelly-schowalter.io,failed
kia@cartwright-ritchie.net,failed
tod.metz@will.co,failed
agustin@boyer-torphy.io,failed
prudence_wilkinson@pfeffer.io,failed
latricia@lakin-crooks.name,failed
madalyn@schamberger.info,failed
abraham@watsica.biz,failed
bruce_kirlin@miller-johns.co,failed
jim_barrows@cronin-leffler.io,failed
kellee@lebsack-prosacco.net,failed
enedina_wolff@collins.info,failed
heath@zieme.io,failed
claudie.lehner@ritchie-kihn.biz,failed
leon@fahey-reichel.org,failed
lenora@glover.co,failed
jefferey.cruickshank@rowe.co,failed
emilio.schultz@moen.info,failed
tianna.vonrueden@kutch-kuhic.biz,failed
sebastian@boehm-schneider.co,failed
mack@abernathy.net,failed
rueben_herman@robel-dach.biz,failed
ivey_kiehn@klocko-watsica.info,failed
graham@hartmann-harvey.name,failed
andreas.abshire@hettinger.co,failed
king@gutkowski-jakubowski.net,failed
cory_mueller@schaefer.info,failed
phyliss_aufderhar@carter.co,failed
scott@torphy.com,failed
lacy.grant@larson.net,failed
kirk_hamill@gleason.com,failed
ricardo.goldner@sporer.com,failed
guy@howell.com,failed
raquel@kemmer-ernser.biz,failed
brianna@murray-hessel.name,failed
isaiah@schuster-marks.co,failed
winfred.wiegand@dietrich.name,failed
dorian.wiza@roob.info,failed
wilmer@bechtelar.com,failed
bennie.rippin@dubuque.net,failed
madie_daugherty@dubuque.co,failed
drew@goodwin.com,failed
lucia_stark@bednar-towne.name,failed
beaulah_ledner@lehner.com,failed
charmain@runolfsdottir.net,failed
wally@brekke.com,failed
francesco_metz@reinger.name,failed
clifton@bruen-gorczany.org,failed
hugh@stoltenberg.io,failed
howard.kulas@leuschke.net,failed
yun_tromp@brekke-franecki.com,failed
brain@simonis.biz,failed
rudolf@schumm.com,failed
beverly.yost@koch-mckenzie.net,failed
norman_denesik@streich.net,failed
stewart_kilback@stark-hahn.info,failed
rudy@okon.info,failed
kurtis.larkin@donnelly-murazik.biz,failed
dewayne.runte@davis-anderson.name,failed
kari@schinner.name,failed
hana_goldner@mitchell-carroll.org,failed
isa@becker.co,failed
cami.kovacek@franecki-wolff.io,failed
venetta.kirlin@streich.net,failed
vilma@metz.biz,failed
miles@koss-kassulke.io,failed
kennith_bradtke@cremin.net,failed
murray.johnston@von-rowe.name,failed
azucena.runolfsson@hills.io,failed
christopher@botsford.org,failed
allan@stark-little.biz,failed
jessica.cummerata@kertzmann.net,failed
rosie.waters@kunze.co,failed
marnie_hilpert@boehm.io,failed
maynard@wiza.co,failed
damaris@bernier-bauch.com,failed
diego@kessler.co,failed
man.schneider@sanford.biz,failed
versie@blick-thiel.net,failed
elizebeth.littel@lindgren-rogahn.biz,failed
alfred_stroman@gorczany.com,failed
lashell@trantow.com,failed
jonelle@west-bradtke.com,failed
elvin@hudson.biz,failed
solomon@wyman-mosciski.net,failed
sung_medhurst@hammes-jones.biz,failed
merrill.bechtelar@wisozk.com,failed
eleanor_parisian@dickens.io,failed
louie@farrell.name,failed
alexandra.kuhlman@macgyver.biz,failed
marie.ernser@ruecker.com,failed
ian.senger@murray.net,failed
frieda@larkin-rohan.org,failed
granville_gibson@torphy.com,failed
stefan@larkin-berge.co,failed
katelin_farrell@hahn.net,failed
jason_berge@wunsch.biz,failed
raleigh.wunsch@kuhn.co,failed
myesha@kling.info,failed
marchelle@strosin.org,failed
loralee@beier-ohara.info,failed
antionette@hilll.io,failed
ayesha@kuhic-powlowski.com,failed
dustin@kuhn-considine.net,failed
ian.casper@dach.name,failed
glendora_erdman@bosco.org,failed
fermin@monahan.co,failed
fermina@hintz-pfeffer.org,failed
ervin@botsford-paucek.org,failed
kendrick@crist-welch.co,failed
rosario@adams-rowe.io,failed
sol@johns.biz,failed
palmer@cartwright.org,failed
mack.lockman@prosacco.biz,failed
ayanna@gerlach.co,failed
art@runte-franecki.io,failed
ebonie@olson.info,failed
joetta@kshlerin.net,failed
marietta@yundt-bartoletti.info,failed
jeneva@schinner-trantow.org,failed
chi_adams@roberts-johns.net,failed
telma.schiller@torp-gerlach.org,failed
tonda_frami@jones.biz,failed
rudy@rowe.co,failed
steve_morar@runolfsson-mueller.org,failed
jordan.schmitt@jenkins.name,failed
hazel_senger@mertz.com,failed
bobbie@doyle.info,failed
suzie@cronin.org,failed
toney@crist-ward.co,failed
domenic@crooks-robel.co,failed
ashley.rowe@runte.com,failed
jimmie.kshlerin@wintheiser-turcotte.info,failed
kimi_conroy@thiel.name,failed
jed@macejkovic.biz,failed
lieselotte_effertz@rempel.info,failed
fernando@marquardt.co,failed
kenny@dubuque.name,failed
cris_conn@hyatt.biz,failed
eugena_boyle@farrell.co,failed
scott.deckow@deckow.info,failed
raphael_parker@hane.com,failed
boyd@klocko-vonrueden.name,failed
peter@haley.io,failed
milan@macejkovic.net,failed
meri.becker@renner.org,failed
leroy@king.com,failed
korey_homenick@runolfsdottir.net,failed
christoper@lubowitz.net,failed
sibyl_denesik@sporer.net,failed
benny@schultz.net,failed
anya_fahey@considine-blanda.info,failed
sherly.yundt@stehr-cremin.biz,failed
freddie@hermiston.org,failed
logan_bailey@collins.biz,failed
leanne_hermiston@marquardt.org,failed
bok@leuschke-langworth.net,failed
raymond@bergnaum-ward.com,failed
tanner@aufderhar.net,failed
deidre_kuvalis@schneider-dach.net,failed
demetrius_harvey@rutherford.org,failed
georgina_schneider@monahan.org,failed
fredric@hoppe.co,failed
tyron@cummerata-kihn.net,failed
barry_rolfson@sauer.org,failed
cory@kerluke-jenkins.biz,failed
marlys@bartell.net,failed
dotty.williamson@welch.name,failed
walter@oberbrunner.info,failed
tasha@abernathy-prosacco.net,failed
deandra@tremblay.co,failed
cornell@pacocha.biz,failed
fred@hirthe.org,failed
ruben@grant-fadel.com,failed
horace@cormier.info,failed
irving@reilly.info,failed
josef_nolan@wolff-grimes.net,failed
willie.purdy@gusikowski.net,failed
archie@jast.com,failed
jim.corkery@rolfson.co,failed
tamica.hegmann@beer.info,failed
luis@carroll.net,failed
kathy.block@ebert-weissnat.org,failed
gabriel@streich.io,failed
don@streich.org,failed
charley.aufderhar@schumm-morissette.org,failed
rowena@daniel.co,failed
booker@ortiz-collins.co,failed
felica.corwin@ohara.org,failed
weston.von@powlowski.name,failed
kraig@dibbert.org,failed
mac_borer@carter.co,failed
nicholas@zieme-heidenreich.org,failed
mitsue@mraz.io,failed
mickey.collier@herman.com,failed
rena@durgan.io,failed
clarissa_conn@oreilly.net,failed
dirk_mueller@von-jones.biz,failed
kori@schamberger.org,failed
rafael@zieme.co,failed
na@macgyver.name,failed
hayley@considine.biz,failed
jarod_dare@hahn.name,failed
chang@brown.biz,failed
ariel_gerhold@oreilly-kiehn.info,failed
kary_purdy@upton.info,failed
mari.dare@hilll.biz,failed
randal.collier@cole.org,failed
claudette.bergstrom@hermann.io,failed
rod.hartmann@lakin.biz,failed
roslyn_watsica@kuhic.org,failed
jan_reilly@brakus-emard.org,failed
dewey.muller@king.net,failed
charlyn_murphy@johns.biz,failed
anh.johnson@bahringer-kerluke.io,failed
luciano_cummings@cole.biz,failed
shanon_lynch@hermann.biz,failed
pei@moore.net,failed
akilah@quigley-bergstrom.info,failed
monica.murray@haag.io,failed
shanita_simonis@nitzsche-price.co,failed
otis.runolfsson@fadel.info,failed
lenita@pacocha.co,failed
bree@hand.com,failed
vincent@jones-medhurst.name,failed
lenard_feil@homenick-ullrich.org,failed
delmer@wyman.info,failed
kristyn_jaskolski@predovic-pagac.org,failed
shantay_stoltenberg@fadel.biz,failed
lenny.lemke@lesch.net,failed
mose@volkman.org,failed
ricky@frami.com,failed
glinda_witting@mclaughlin-hagenes.net,failed
agustin_treutel@stehr.info,failed
reggie_quigley@frami-steuber.biz,failed
tifany.schmitt@wisoky.io,failed
oscar@durgan.info,failed
jenice.upton@hartmann-collier.co,failed
joana.blick@littel.org,failed
karrie@wuckert.info,failed
jed.schulist@hansen.info,failed
eugene@smith.info,failed
steve_morissette@pagac.name,failed
augustine_nolan@schinner.name,failed
jannie.vandervort@rolfson.net,failed
phil@kuphal.co,failed
maudie_hirthe@bernhard-homenick.com,failed
marshall_ziemann@jacobs-murray.co,failed
hedwig.marquardt@bode-okon.info,failed
camille@effertz-trantow.net,failed
sam.bayer@kihn.info,failed
mariah.kovacek@ziemann-vonrueden.info,failed
percy@purdy.com,failed
michelina@goyette.io,failed
malcolm@runolfsdottir.com,failed
teressa@klocko-lemke.name,failed
blair@daniel.org,failed
ching@jenkins-bernier.com,failed
kenny@brekke.name,failed
kirby@schneider.com,failed
cory@runolfsson.name,failed
na@cronin.name,failed
dick_windler@schimmel.co,failed
ethyl_swift@botsford.org,failed
antione.mitchell@beier.net,failed
jarod@doyle.org,failed
josh_haag@schinner.net,failed
marita.bailey@corkery-haag.net,failed
alexandra.schulist@rath.io,failed
josue@heaney-feest.io,failed
felice@vandervort.net,failed
philip.greenfelder@klocko.io,failed
darnell@howe.net,failed
stefania_lynch@schmidt.biz,failed
rachele.jacobson@stoltenberg.biz,failed
glennie@walsh.info,failed
vannesa_predovic@schamberger.name,failed
bobette@anderson.name,failed
diane@herman-walker.com,failed
alfonso@pouros.biz,failed
lauran_yost@jacobs.net,failed
january@wolf-gutkowski.biz,failed
young@quigley.biz,failed
jadwiga@jenkins-berge.name,failed
fernando@paucek-metz.net,failed
lindsay_corwin@torp.io,failed
vanetta@weber-schuster.biz,failed
margarito_pacocha@dare.io,failed
chiquita@quitzon.io,failed
brad.jacobs@steuber-weissnat.co,failed
joan@sauer.io,failed
cameron@feest.co,failed
aurelia@kreiger-morar.org,failed
ahmed@rempel-dicki.name,failed
homer@rutherford-mann.co,failed
terrell@mckenzie.co,failed
paul.hegmann@gulgowski.com,failed
dean@ryan.org,failed
starr_schroeder@dickens.org,failed
johnie.ziemann@buckridge-morar.net,failed
andreas.hansen@macgyver-fadel.io,failed
cecil_satterfield@luettgen.org,failed
kareem_oconnell@little-steuber.com,failed
pete_cartwright@gusikowski.org,failed
vernon_hegmann@pouros.net,failed
noe_mohr@runte-rutherford.org,failed
elizbeth.stehr@parker.net,failed
kareem.bechtelar@schmidt.co,failed
angel.braun@legros-steuber.info,failed
jenniffer@thompson.name,failed
williams@greenholt.net,failed
luise@green.co,failed
boris.rosenbaum@bednar-shields.org,failed
kyle@borer.net,failed
idella@macejkovic.biz,failed
hans@berge-jerde.biz,failed
dexter@hoeger-howe.info,failed
wendell@prohaska.info,failed
bertram.mills@feest.name,failed
ross@howell.org,failed
prince@reichert.biz,failed
fausto@king.com,failed
terry@hickle.org,failed
stanton_gutmann@kirlin.com,failed
deedra@flatley-stokes.com,failed
clarine_haley@strosin-jerde.org,failed
allan_kris@little.info,failed
frederick@schroeder.com,failed
steven_hamill@gutkowski-legros.co,failed
jesse_miller@denesik.io,failed
gregg_purdy@witting-stoltenberg.com,failed
lyndon@lubowitz-shields.info,failed
cary@klocko.io,failed
jacquelynn.bahringer@kris-kuvalis.org,failed
jada@corwin-wyman.info,failed
carla@sipes.io,failed
meda@bernier-waelchi.info,failed
stefany@runolfsson.co,failed
nathanial.pagac@bogan-jerde.net,failed
linette_connelly@west.org,failed
aubrey_hettinger@lang-oreilly.biz,failed
verona@greenfelder.biz,failed
paul_collins@volkman-nitzsche.org,failed
keenan.ernser@schoen-pagac.com,failed
delia@lakin.org,failed
janella@cormier.info,failed
gregg@hayes-gutkowski.biz,failed
andrew@morar-purdy.io,failed
james@larson.name,failed
marie_marquardt@little.name,failed
treasa@schmeler.info,failed
latricia@lowe.biz,failed
stephen@purdy-lesch.info,failed
sharron.stracke@hackett.io,failed
giovanna_parisian@emard-bergstrom.biz,failed
oliver.stanton@donnelly.biz,failed
rochelle@west-thompson.org,failed
logan@daugherty.co,failed
otis.schumm@pfeffer.io,failed
dean@trantow.org,failed
towanda_beahan@dach.biz,failed
ty_jones@hyatt.io,failed
cory.mckenzie@weber-lowe.net,failed
lynn.mann@wunsch.co,failed
chieko@hackett.name,failed
mercedes@morar.org,failed
raul_romaguera@schuppe-boyer.co,failed
reuben@dooley.name,failed
brant_trantow@nicolas.co,failed
jose.stiedemann@yost.biz,failed
donte@feeney.info,failed
cristi@kshlerin.biz,failed
sherie_frami@streich.co,failed
tatyana_nader@daugherty.co,failed
carolin@friesen.info,failed
jestine.ward@parker-schinner.org,failed
connie@homenick.com,failed
paige.kunze@bernhard.com,failed
rosemarie.brown@graham-kulas.io,failed
rhoda@swaniawski.co,failed
sandy_thompson@romaguera.biz,failed
mirian@satterfield-zieme.org,failed
tiffaney.kreiger@runolfsdottir-haley.info,failed
danial.ryan@wuckert.info,failed
phil@harris.org,failed
lien.rolfson@reynolds.net,failed
wilford@casper.io,failed
dorthey_watsica@hayes-rutherford.net,failed
jaye.prosacco@balistreri.com,failed
ernesto.marquardt@koch.io,failed
tresa_lowe@abernathy.net,failed
darrin@hamill.io,failed
shante_thompson@feeney.name,failed
timothy@wyman.name,failed
stephany@reichert.org,failed
francisco_cummerata@hayes.name,failed
elias@cartwright.net,failed
christian.adams@tromp.net,failed
kenneth@christiansen.org,failed
tania@dietrich.com,failed
cassy.harris@schroeder.co,failed
marianna@mraz.net,failed
irvin@tromp-jacobson.co,failed
rea_botsford@yundt.com,failed
monty_wintheiser@hintz.biz,failed
vicki@blick.co,failed
mikki@rutherford-morissette.org,failed
lamonica@funk-swaniawski.com,failed
lurline.corwin@west.net,failed
danica@lakin.co,failed
numbers.welch@carroll.co,failed
alishia@renner.info,failed
edison.christiansen@dietrich-bartoletti.org,failed
torrie_boyer@gulgowski.info,failed
pat@prosacco.net,failed
keven_okuneva@hyatt-abshire.biz,failed
evangelina_hirthe@dickinson-larson.net,failed
sue@purdy.io,failed
leena@donnelly.net,failed
chun.bradtke@klein.org,failed
kelly@willms.info,failed
jayson_miller@murazik.io,failed
lloyd@lang.co,failed
marvin@becker.name,failed
brandy@marquardt-schamberger.co,failed
ezequiel@goodwin.info,failed
dalton@gutkowski.net,failed
coralee.balistreri@collier-dare.name,failed
leonel@jacobs.io,failed
susie@hartmann-yundt.info,failed
mathew.welch@marquardt.io,failed
yoko@bayer-ledner.info,failed
lamont@legros.io,failed
ashlie@lueilwitz.biz,failed
anibal_grady@bogisich.org,failed
grant_schuster@hills.org,failed
bobbye_lakin@mckenzie-schuppe.biz,failed
caleb@balistreri.co,failed
taneka@kunze.name,failed
rolland@hintz.biz,failed
oneida_schumm@crist.net,failed
frida@erdman.io,failed
art_sanford@fisher-braun.io,failed
diedre@bauch-prosacco.org,failed
melody@kautzer.co,failed
roberto@borer.biz,failed
emerald@stracke.net,failed
juana@hodkiewicz.net,failed
kelley.schaden@hettinger-bosco.name,failed
wally@tremblay.info,failed
mathew@schulist.com,failed
erica@rodriguez.name,failed
willette@friesen.co,failed
maynard_littel@robel.info,failed
jude.moore@mckenzie-ferry.co,failed
caroyln@lueilwitz.io,failed
lazaro.okon@welch.name,failed
eliz@pfeffer.biz,failed
tommy@jaskolski.com,failed
robbie.aufderhar@fahey-harvey.net,failed
adriana_breitenberg@schamberger-satterfield.io,failed
rocky@klocko-ruecker.net,failed
ramon_medhurst@gusikowski-walsh.net,failed
miquel@mitchell.info,failed
autumn@labadie-mohr.net,failed
inger.shields@weimann.io,failed
jayna.kertzmann@armstrong.com,failed
brock.crona@lockman.net,failed
leoma@lang-pollich.net,failed
sanjuana@paucek-oconner.info,failed
louie.marks@ward.name,failed
chara@wisoky-stroman.io,failed
cristine.jenkins@labadie-hodkiewicz.info,failed
stefan@quigley-rice.org,failed
arlette.hilpert@kris.info,failed
steffanie@glover.name,failed
karren.gerlach@mayer.name,failed
art@hilpert.co,failed
ted@cassin.co,failed
galen@reichel.com,failed
roland@bashirian-gleichner.io,failed
marlon_ruecker@mills-mccullough.info,failed
lizabeth@abshire.info,failed
rocco@mclaughlin.com,failed
deangelo@hills-mertz.co,failed
willis_willms@koch-kohler.biz,failed
thomas@wilderman-swift.biz,failed
horacio_wunsch@rippin.com,failed
doyle@heaney-hettinger.org,failed
young@gislason.name,failed
tona_funk@block-hilpert.com,failed
isobel_bosco@dach.info,failed
darrin.rodriguez@brekke-barton.name,failed
rudolph.kuhic@howell-damore.io,failed
young_watsica@rowe-bashirian.info,failed
armando_predovic@greenfelder-marquardt.co,failed
lacy@beier-marquardt.com,failed
helaine.bode@nicolas.info,failed
magen@lueilwitz-kertzmann.org,failed
chong@fisher-harvey.io,failed
herbert_brakus@donnelly-kub.org,failed
chet.hirthe@schmidt.net,failed
alan_weissnat@grady.name,failed
rudolf.block@blick.info,failed
gil.greenfelder@hettinger-bailey.org,failed
gavin@upton.info,failed
sylvester.will@friesen.org,failed
tameika@corwin.net,failed
katharine@dooley.name,failed
bernardine.heathcote@ondricka-kshlerin.biz,failed
hope_williamson@feest.io,failed
gale@ohara.org,failed
garret@kreiger.net,failed
nell.hilpert@haag-kulas.io,failed
pierre@kertzmann.biz,failed
jacinto.dare@wuckert-tillman.biz,failed
brandon@bartell.io,failed
vincenzo_dickens@schiller.biz,failed
mohamed_littel@lemke.info,failed
alva.gutkowski@murray-gerlach.co,failed
herschel@stehr-pfannerstill.info,failed
alane.rath@gleason.co,failed
gaylene@ledner-hagenes.net,failed
christopher@rippin.net,failed
alvaro@murphy.co,failed
mack@krajcik.org,failed
felipe@hammes-ryan.net,failed
norine@lesch.co,failed
wilmer.schroeder@jaskolski.biz,failed
jerald@green.biz,failed
raymonde@hirthe.com,failed
eugenia@kris.info,failed
willian.oreilly@jacobi.biz,failed
jamey@ohara.biz,failed
evangeline.mosciski@mcglynn.info,failed
sigrid_cassin@armstrong.info,failed
fanny.morar@erdman-schultz.name,failed
chris@mcclure-johns.co,failed
jorge.maggio@kreiger-jacobson.net,failed
jaymie.nolan@medhurst.biz,failed
scottie_rodriguez@toy.org,failed
katelyn_prohaska@hane-howell.biz,failed
kirby@schiller.org,failed
corey_mertz@lebsack-kirlin.net,failed
donnetta@keeling.io,failed
shari.streich@moore.com,failed
florence@terry-bode.co,failed
denis_cummings@schamberger.io,failed
audie_abshire@bayer-yundt.io,failed
laree_carter@leuschke.io,failed
mildred@marvin-franecki.io,failed
lesley@lynch.biz,failed
jarred@jast.biz,failed
michal_huels@bernier-bechtelar.biz,failed
digna@keeling-frami.co,failed
hai@ebert-jacobs.net,failed
jaime_emmerich@lesch.info,failed
ivy@kunde.name,failed
lashonda@brakus-bergnaum.name,failed
jamie@bogisich-runolfsson.biz,failed
jay_bartell@wuckert.name,failed
corina@borer-pacocha.info,failed
tamekia.donnelly@emmerich-senger.net,failed
stan_torp@kirlin.net,failed
todd@howe.org,failed
nestor@rogahn-ferry.name,failed
kimberlie.davis@lowe.name,failed
scottie@casper.net,failed
hubert_koelpin@kuhn.info,failed
sade@erdman.net,failed
selena_kling@blanda-marks.biz,failed
federico@bartoletti.org,failed
xenia@paucek.com,failed
lucretia.fisher@luettgen.name,failed
sherlyn@herzog-strosin.com,failed
billy@jenkins.com,failed
renetta@nolan.com,failed
noella@stroman-grady.info,failed
rocco.brakus@farrell.info,failed
casie@walter.io,failed
christoper@kilback.biz,failed
rob.green@rodriguez-vonrueden.io,failed
manual_okuneva@schaefer-windler.name,failed
ellsworth_howe@gislason-medhurst.org,failed
eugene@hodkiewicz.com,failed
alejandro@veum-williamson.io,failed
buster@bartell-rau.org,failed
vallie.thiel@kuhlman-beier.net,failed
valentine@tillman-considine.net,failed
leonida.breitenberg@roob-willms.net,failed
ralph_pfannerstill@morissette-stroman.biz,failed
clarence@hamill-hammes.info,failed
janetta@dietrich.biz,failed
stephania@kirlin-langworth.io,failed
evan.bradtke@koelpin.biz,failed
pattie@yost.name,failed
antonia_effertz@botsford.co,failed
carlos@ullrich.info,failed
randy@bernhard.org,failed
ricki.bode@weissnat.name,failed
trevor.jacobi@fadel.co,failed
sherilyn@kuvalis-hickle.org,failed
rod.schuster@wilderman.biz,failed
loma@gleason-kiehn.io,failed
corey@botsford.biz,failed
bryan_heidenreich@heathcote.net,failed
eden.kassulke@bode-bergstrom.name,failed
christiane_bergstrom@fay-roob.io,failed
vernon@rohan-reilly.co,failed
delmer@labadie.co,failed
jude.kautzer@bradtke.io,failed
hilario_prohaska@daugherty-raynor.com,failed
virgen_tremblay@veum.org,failed
bret.wyman@price.biz,failed
colin@davis.org,failed
kymberly_herzog@leffler.name,failed
sylvie@christiansen.org,failed
bryant.mayer@erdman.biz,failed
junior_rippin@pacocha.info,failed
zoraida@kiehn.info,failed
terri@runolfsson.net,failed
larissa@wilderman.co,failed
davis@tromp.net,failed
cedrick.hermiston@wyman.co,failed
georgeanna_boehm@luettgen.biz,failed
ardelia.bernier@gibson.info,failed
roxana@flatley.com,failed
joanie_kuhn@schmidt.com,failed
valentin@moore.co,failed
dorothea.greenholt@stark.info,failed
emmitt_metz@powlowski-jaskolski.info,failed
bea.koepp@stark.net,failed
love@deckow.info,failed
luigi@effertz.info,failed
stefan.jerde@rogahn.org,failed
timika@padberg-carter.net,failed
don@sanford.net,failed
zina@kreiger-dubuque.org,failed
lino@jacobs.io,failed
corrina_bode@carter-kris.net,failed
ethelene@lubowitz.net,failed
joel@bruen-rath.io,failed
rodney@rodriguez-robel.info,failed
drema@funk.co,failed
agatha@marquardt.info,failed
sharie@oreilly.com,failed
refugio@kohler-rowe.com,failed
warren.hodkiewicz@purdy.biz,failed
stacy@reinger-waters.name,failed
gaye@daniel-bartell.com,failed
earlie@jacobi.info,failed
adalberto_nicolas@kessler.info,failed
dona@schuster.name,failed
garret@rempel.info,failed
adaline_runte@bednar.net,failed
kia.strosin@cremin-friesen.co,failed
valeri@bins.io,failed
danial.sauer@mcclure.name,failed
ike.pfeffer@mccullough-kuvalis.info,failed
simonne@stracke-bernhard.co,failed
noel@ankunding.co,failed
cornell.davis@simonis.info,failed
phuong@hoppe.info,failed
caridad_armstrong@parisian.biz,failed
jonathon_barrows@west-lang.co,failed
jim_breitenberg@walker-padberg.co,failed
sanford@stokes.io,failed
theodore_ortiz@mayer.net,failed
norah.heathcote@bartoletti.name,failed
trevor@mckenzie-hartmann.com,failed
byron.ruecker@harvey.info,failed
benito@will.biz,failed
roxana@barrows.co,failed
deanna@mann.info,failed
milton_cole@schneider.io,failed
sau.heathcote@hodkiewicz.io,failed
cherry_moore@oreilly.biz,failed
vashti.reichert@windler.biz,failed
solomon@beahan.biz,failed
cherly.wisozk@heller.net,failed
seymour.durgan@mcclure.com,failed
abel@streich.biz,failed
luetta_gislason@brakus.info,failed
gale@wilderman.net,failed
reggie_connelly@cummerata-hilll.net,failed
bennie.yost@kshlerin-green.org,failed
alva@stoltenberg.co,failed
art_homenick@hintz.name,failed
claudette_beatty@king-upton.co,failed
mauricio_brakus@witting.info,failed
ulysses@marquardt.org,failed
cordell@schmeler-hilpert.io,failed
garry@vandervort.info,failed
son@batz-bernier.biz,failed
ethyl@ziemann.com,failed
alysa@dooley-ferry.io,failed
julian_kohler@mayert-jerde.org,failed
leora@mayer.io,failed
norbert.heaney@schroeder-denesik.com,failed
theodora@ziemann-grimes.org,failed
rudy.hegmann@hirthe-stroman.name,failed
caroll@kilback.name,failed
rex_legros@champlin-homenick.org,failed
fritz.sawayn@kling.io,failed
georgeanna_von@kertzmann.org,failed
