patrina.orn@bergnaum.net,opened
geoffrey_stanton@ruecker-kunze.org,opened
ronald@conn.com,opened
margarite@ryan.info,opened
gregg.dibbert@collier.net,opened
jennell.parisian@williamson-ledner.biz,opened
evan@swift-koepp.info,opened
nickolas@bernier.io,opened
arlette@robel.info,opened
nicolas@kling.biz,opened
israel_crooks@beer.biz,opened
carlton@miller-keeling.co,opened
nona@russel.co,opened
soraya@abbott.name,opened
hulda@ohara-kohler.biz,opened
kindra@kovacek.name,opened
mariella@rempel.com,opened
coy@cummerata.biz,opened
garth@wisozk.biz,opened
neta_hegmann@auer-ortiz.name,opened
wyatt.nienow@balistreri.org,opened
abraham_mcglynn@schamberger.co,opened
vernetta.bayer@reilly.com,opened
cruz@hand.name,opened
bruno@mosciski.biz,opened
mikaela.bosco@will.com,opened
matilda.beatty@wilkinson.io,opened
carma@keebler.name,opened
sherly@damore.net,opened
blossom.hirthe@dibbert.org,opened
irena@hirthe.org,opened
damion@wiza.org,opened
ok_hammes@bashirian.co,opened
graham@kassulke.info,opened
karena_welch@okon.org,opened
kathaleen@rowe.name,opened
ellis@hudson-schaden.name,opened
beryl_klocko@jerde.com,opened
doria@weissnat.info,opened
tabitha@willms.com,opened
hiram@pouros-morar.info,opened
neomi.krajcik@leffler.biz,opened
rickey_emmerich@weissnat.name,opened
ramon@mraz.biz,opened
ardelia@kihn-ward.net,opened
carmelo@deckow.info,opened
cinderella@graham.org,opened
cherilyn_larkin@thompson.net,opened
maurice_hettinger@okeefe.name,opened
synthia@doyle-morissette.co,opened
lavette.schowalter@kris-boyer.net,opened
lanny_koch@von-langosh.com,opened
nathanial.kunze@kilback-spinka.biz,opened
maren_flatley@jacobson.com,opened
fabiola@schamberger.biz,opened
deidra@breitenberg-greenfelder.co,opened
emil@little.co,opened
chong.herzog@schmeler.info,opened
keri@mayert-marvin.biz,opened
dorothy_lockman@ernser-casper.net,opened
josiah@pfeffer.name,opened
martin.kunde@farrell-hane.biz,opened
malissa_brakus@sawayn.biz,opened
brain.volkman@vandervort.co,opened
erminia@rau-gerhold.com,opened
darryl.brakus@jacobi.biz,opened
racquel.cormier@schowalter-kuvalis.biz,opened
cliff@deckow.com,opened
travis@blanda-kuvalis.info,opened
anjelica_johns@fritsch-berge.io,opened
robert.kessler@reichel.name,opened
collene_wisoky@smitham.org,opened
harvey.little@feeney.org,opened
curtis_predovic@conroy.io,opened
danial.hoppe@schaden.info,opened
avelina@bergstrom-weimann.name,opened
mary@donnelly-shields.co,opened
noel.leuschke@kovacek-mcglynn.name,opened
peter@effertz.name,opened
patrick@durgan-kertzmann.info,opened
samuel@harris-toy.info,opened
emil_conroy@lueilwitz.biz,opened
stanton@langosh-lubowitz.org,opened
ernie@hilll.org,opened
francine@prosacco-friesen.co,opened
gale@hodkiewicz-daniel.org,opened
dana_kirlin@bartoletti.io,opened
les.jaskolski@torphy.name,opened
quinton.reichert@pacocha.io,opened
williams@mcglynn.net,opened
chang.hane@rau.io,opened
ashley.goldner@gusikowski.net,opened
selene.simonis@kling.co,opened
cheryll_rempel@kessler.org,opened
karleen@berge.org,opened
judy@bechtelar-macejkovic.biz,opened
heriberto@balistreri.net,opened
kory.bednar@moore.info,opened
cory_stehr@keeling.com,opened
trista@lowe-legros.name,opened
santina.lebsack@boehm-koch.info,opened
etsuko.jones@douglas.io,opened
alvaro.purdy@gusikowski.net,opened
ferne@leuschke-pfannerstill.io,opened
myriam_vonrueden@bednar.org,opened
duncan.okon@stehr.com,opened
harris@rempel.org,opened
eileen@reichel.biz,opened
travis@rutherford.org,opened
jaquelyn@hammes.name,opened
alex_okon@emmerich.biz,opened
wilford@nader.co,opened
young.corkery@rohan.name,opened
shane_ebert@wintheiser-becker.co,opened
joana@ullrich.co,opened
josiah.conn@goldner-walker.info,opened
sonny.bosco@lehner.co,opened
lovella@weimann.info,opened
kendrick_dare@mcglynn.net,opened
andrea@lakin-sipes.com,opened
jarvis.mills@will.co,opened
zachariah_wolff@zemlak.co,opened
emmett_lindgren@glover.info,opened
jerald_lowe@dubuque.name,opened
malcom@erdman.biz,opened
edith.trantow@boehm.io,opened
branden@oreilly.biz,opened
charlie.hansen@huel-kshlerin.io,opened
willard@reichel.com,opened
marilee@satterfield.com,opened
ellis.torphy@kshlerin.net,opened
cary@rippin.com,opened
clay_abernathy@hagenes-schulist.io,opened
olimpia.stokes@franecki-runolfsdottir.name,opened
warren.walsh@oconnell-hintz.net,opened
maple@zulauf.io,opened
kami@jakubowski.org,opened
corazon@dickinson.io,opened
emanuel@bogan.info,opened
nena@stanton.com,opened
kimberely@bartoletti.org,opened
jospeh.windler@fay-cronin.org,opened
carolynn_weber@roberts.org,opened
florida.upton@fisher.name,opened
spencer@hodkiewicz.info,opened
thaddeus@hills-mitchell.info,opened
jarrett@bednar.co,opened
quiana_huel@huels.info,opened
diego@von.info,opened
veta@wilkinson-douglas.info,opened
lesli_macgyver@turcotte.name,opened
jesse@schumm-williamson.info,opened
laila@bogisich.io,opened
rocky.klocko@kassulke.net,opened
phyllis.skiles@oreilly-marvin.name,opened
caprice@pagac.com,opened
magan.walsh@pacocha.name,opened
raphael@hessel-bartell.biz,opened
laraine@rippin-lemke.org,opened
tona@tremblay-price.co,opened
rolande@langosh-zieme.biz,opened
sherril@parisian.biz,opened
hyo_price@blick.co,opened
bruce.hane@walter.info,opened
anthony_damore@lind.info,opened
deshawn@blick.net,opened
craig_okon@kautzer.biz,opened
juliann@kuhic.com,opened
bobbie_keeling@herzog.net,opened
bart_abbott@wintheiser.co,opened
keva@hoppe.biz,opened
chong_hirthe@kilback-cummings.net,opened
darius_bernier@orn-sawayn.com,opened
michel_osinski@mante-trantow.io,opened
young.kassulke@stark.io,opened
elwood_schmidt@gutmann.biz,opened
stacey@sipes.co,opened
zandra.blick@rath.io,opened
sandy_schuppe@cormier.org,opened
nancie@hayes.com,opened
darrick.senger@upton.io,opened
thurman_littel@reichel-weber.info,opened
doug@keebler.biz,opened
lorita.nitzsche@rohan.co,opened
sharie.keebler@spencer.info,opened
mckinley@berge-hilpert.co,opened
thomas@dietrich-quigley.info,opened
whitney_kilback@pfeffer-zieme.info,opened
dian_schaefer@haley.co,opened
percy.reinger@bruen-bogan.name,opened
angel_kling@stoltenberg.org,opened
candance@kovacek.co,opened
latoria_macgyver@lindgren.io,opened
leola.zieme@will-schultz.io,opened
donnell_rempel@cartwright.net,opened
willie@crona.info,opened
norbert@fay.com,opened
daniel.beahan@hilpert.io,opened
ivan@mills.info,opened
shelton.buckridge@white-fritsch.info,opened
kraig@farrell-kautzer.biz,opened
alba.bernhard@grady-dietrich.net,opened
hilario@ledner-dickens.net,opened
sherman_conn@leannon-little.org,opened
chance.grant@mills.name,opened
hung@skiles-doyle.co,opened
rozanne_kihn@nitzsche-kunde.net,opened
matthew@kris.com,opened
shoshana_armstrong@dibbert.info,opened
pilar.fadel@konopelski.com,opened
jeremiah.nienow@kemmer.org,opened
colton.mcglynn@kihn.name,opened
phebe@keeling.name,opened
tova@harris.com,opened
jeffrey@fahey-hills.biz,opened
alvaro@dibbert.co,opened
simone.wiegand@herzog.co,opened
deangelo_hackett@hessel.net,opened
darrin@johnston-blick.io,opened
florentino_quitzon@swaniawski-rowe.io,opened
bethany@franecki.co,opened
ashley.farrell@denesik.org,opened
laquita_olson@jaskolski-mills.biz,opened
kris@brakus.io,opened
linsey@turcotte.info,opened
kandra@gibson-rodriguez.io,opened
man.grimes@spinka.info,opened
cristobal@kuphal-lubowitz.com,opened
emil@rempel-cassin.biz,opened
todd.blick@renner.net,opened
alex@schmidt.co,opened
gerry.dietrich@watsica.biz,opened
floyd.terry@sporer-koss.name,opened
tonya@macejkovic.org,opened
tory.schiller@becker.net,opened
kelley@willms.biz,opened
ron_schimmel@mann.info,opened
clarinda.schmeler@bernhard.com,opened
horacio@franecki.name,opened
joleen.turcotte@smitham.name,opened
basil@hermann.com,opened
marquita@keebler.biz,opened
alease@boyer.io,opened
marlin_white@kemmer-donnelly.io,opened
whitney@oreilly.name,opened
andy@connelly-beahan.info,opened
edmundo@stehr.net,opened
milissa_kutch@emmerich.io,opened
buck@huels.net,opened
cheryl@mraz.net,opened
peggy.reichel@runte.biz,opened
evan@boyle.net,opened
shad@sipes.co,opened
arleen@bergnaum.co,opened
nelle@sporer-welch.net,opened
lorilee_reichel@pouros.org,opened
zena_terry@huels.com,opened
faye_von@leuschke-nikolaus.name,opened
brenton@cruickshank.org,opened
ozie.wunsch@predovic-okuneva.com,opened
kiana@adams.net,opened
daniel@gerlach-ledner.net,opened
rosalind@blanda.biz,opened
margaret.gleichner@ziemann.com,opened
jamee.walker@damore.com,opened
burt_keeling@wunsch-krajcik.biz,opened
khadijah@stanton.com,opened
sherrie_kemmer@lubowitz-quigley.net,opened
russell@cummerata-blick.co,opened
angie_gottlieb@labadie.name,opened
tyrone.muller@heaney.org,opened
trang@bartoletti.co,opened
helena_okon@hoeger-hamill.io,opened
mervin_wilkinson@wunsch-bruen.net,opened
zane_braun@conroy-moen.biz,opened
glen.reilly@collins.co,opened
georgina.schumm@prohaska-halvorson.co,opened
jospeh@hayes.io,opened
kathline@effertz.info,opened
treena_mueller@hyatt.info,opened
collin_kiehn@price-brown.biz,opened
pat.thiel@turner-romaguera.com,opened
janene@kertzmann.biz,opened
alene@oconnell-wolf.name,opened
nathanial.mclaughlin@adams-reynolds.com,opened
londa_hirthe@borer.co,opened
kristopher_weber@doyle.net,opened
gilbert@wintheiser.io,opened
gwenda_watsica@stark-batz.co,opened
arnulfo@jaskolski.biz,opened
elva@toy-berge.net,opened
wilford@mayert.io,opened
tora@rohan-kuphal.com,opened
noah_lowe@bergnaum.co,opened
vernon@reichel-tromp.name,opened
candance@kozey.co,opened
magdalene@kohler.info,opened
bobbie_crooks@kub.info,opened
anton@runolfsson.co,opened
dorian@schaefer-langworth.org,opened
arlen@bednar.net,opened
lawerence@hartmann.name,opened
stephania.lindgren@damore.biz,opened
davis@kris-streich.io,opened
delta.collins@bartell.biz,opened
adela@feil-price.name,opened
mariann@bradtke.net,opened
albert_lebsack@stokes.com,opened
lynn_reichert@lang.info,opened
tijuana.hagenes@johnston-rutherford.name,opened
milagros.harvey@ullrich.io,opened
ron@bradtke.name,opened
everette.damore@ondricka-lindgren.info,opened
gregg_reichel@funk.info,opened
kirk@aufderhar.io,opened
heath@schoen.name,opened
nicholas_rohan@schuster-oberbrunner.biz,opened
delcie@fay.com,opened
ming@friesen.org,opened
shaunna@stark-kerluke.io,opened
damien.oreilly@kohler.info,opened
rolland.luettgen@auer.org,opened
rodney@stark-hahn.com,opened
sharlene@kassulke-hermann.name,opened
kyle@kautzer-glover.org,opened
sheba@watsica-fisher.net,opened
elijah@lockman.name,opened
jackqueline.doyle@kris-pfeffer.org,opened
leland@marvin-weber.biz,opened
rachal@nienow-hudson.name,opened
lon@nader.net,opened
susanna@mcclure.net,opened
alonzo@terry.biz,opened
elsie@vandervort.org,opened
zena_rolfson@simonis.biz,opened
kelly_larson@padberg.name,opened
elisha@gottlieb.info,opened
mariann_bosco@bradtke.io,opened
shala_mills@luettgen.biz,opened
jimmie@kozey-kuphal.biz,opened
fausto@ohara.org,opened
luther@tillman.co,opened
marcellus_jakubowski@pouros-reynolds.com,opened
marty@tromp-kulas.biz,opened
cathey@hoeger.io,opened
lauri@dooley.biz,opened
lisbeth@abernathy.co,opened
chris_smitham@nitzsche-mcdermott.biz,opened
suzan@okon.co,opened
numbers_medhurst@bahringer-turner.info,opened
jenna@roob-wintheiser.name,opened
randolph@nienow.name,opened
willard@leffler-wilderman.com,opened
carolina_dach@bergnaum-balistreri.com,opened
casandra_jast@kautzer-gottlieb.biz,opened
ricky.roberts@yundt.org,opened
lita@treutel-williamson.io,opened
ebonie@hegmann.co,opened
kimbery_koss@hauck.io,opened
sueann@hilpert.org,opened
taren.beatty@langworth-jenkins.io,opened
yelena_mayert@reinger-abernathy.com,opened
antione@turner.org,opened
flavia.bins@considine.co,opened
chantelle@effertz.biz,opened
lorna@doyle.name,opened
branda@lesch-trantow.biz,opened
gracia_feil@crist-ankunding.info,opened
riley_deckow@kreiger.co,opened
laure@schuster.name,opened
claud.hoeger@lockman.name,opened
mitch@thompson.name,opened
golden.wuckert@conroy.biz,opened
lai_ankunding@cormier.org,opened
lauri@rosenbaum.co,opened
lurline.lueilwitz@bashirian.biz,opened
ta.abshire@hartmann-lockman.co,opened
dusty_hayes@batz.org,opened
nu@adams-ondricka.org,opened
alphonse@adams.biz,opened
jefferey.prohaska@barton-brekke.net,opened
silas_parker@stroman-lebsack.net,opened
jamaal.schaden@turcotte.biz,opened
jacqueline@kirlin.io,opened
juan.koepp@quitzon-purdy.org,opened
karisa@considine-casper.name,opened
marianne@batz.info,opened
magali@daugherty.name,opened
ashley.shanahan@schumm.co,opened
rickie@lubowitz.com,opened
clifford@fisher-kutch.io,opened
alan_robel@cassin.net,opened
gonzalo@kiehn-mann.name,opened
jerry_howe@braun.co,opened
hsiu@zboncak-stoltenberg.biz,opened
gabriel.becker@terry.co,opened
alix@pfeffer-oberbrunner.info,opened
stacy.langworth@stamm.info,opened
galen_kulas@hilll-nader.net,opened
joie@orn-cummings.org,opened
thaddeus.hand@dickinson.com,opened
nenita_torphy@barton-reinger.co,opened
cleo@parisian-kautzer.co,opened
calvin_pacocha@lesch-gleason.org,opened
hans.waters@wilkinson.com,opened
dorinda.hintz@kihn-wisozk.info,opened
frank@gulgowski-aufderhar.biz,opened
edwardo.dicki@wilderman.org,opened
pamella_crist@armstrong-gusikowski.name,opened
merle.wintheiser@jaskolski.com,opened
frances.brekke@schmitt.org,opened
orlando.macgyver@altenwerth.net,opened
etha_lemke@vandervort.co,opened
rosenda@johnson-huels.org,opened
thalia@brakus-schoen.net,opened
jame_kub@bayer.com,opened
glenn@keeling.net,opened
clementina_runte@renner.biz,opened
pa_vandervort@thiel.biz,opened
iva_hartmann@gerlach-dicki.biz,opened
clayton_kertzmann@lueilwitz-gutkowski.com,opened
laquita@rohan-crist.co,opened
kraig.trantow@bradtke-daniel.io,opened
rickey@wisozk-frami.com,opened
valery_wiegand@stiedemann-brown.info,opened
vonda_stiedemann@huel.info,opened
chad.block@bartell.info,opened
pura_simonis@feeney.biz,opened
lashay_senger@labadie.name,opened
carey@cummerata.co,opened
salvatore.friesen@oberbrunner-runte.org,opened
brett@herman-luettgen.net,opened
kareem@erdman.co,opened
tanja@pfannerstill.biz,opened
claudio.dickinson@hamill.net,opened
trisha_ebert@kutch.info,opened
hoyt@stiedemann-bechtelar.name,opened
landon@kuhic-hessel.info,opened
graham.little@rowe-predovic.co,opened
shaunna@torp.biz,opened
rufina.schmitt@satterfield-greenfelder.biz,opened
jay@tromp.biz,opened
gerry@dooley.org,opened
mao_wehner@gerhold.net,opened
abe_hane@stark.info,opened
birgit@kuvalis.biz,opened
bryon@stamm.org,opened
august@goldner.co,opened
jerrell.connelly@russel.net,opened
rayna_rolfson@little-koch.info,opened
woodrow@boehm-abernathy.com,opened
gaston.tromp@batz-hilpert.biz,opened
donald@franecki.biz,opened
monica_torphy@collins.info,opened
kory_hane@klocko-lebsack.io,opened
benito@borer.org,opened
janice@glover.com,opened
weldon_dare@schimmel.co,opened
paola@romaguera-ward.org,opened
alyse@schmidt.co,opened
kaitlyn_maggio@ebert-mcglynn.info,opened
cassondra@purdy.com,opened
latrina@ohara-treutel.name,opened
nannie_kohler@mcclure.net,opened
napoleon.kassulke@ritchie.name,opened
dick.gutkowski@crooks.info,opened
alan.stroman@runolfsdottir.org,opened
selene@yundt.org,opened
leigha_wilderman@kuhn.info,opened
isabel@oreilly.io,opened
dorsey@boyer.co,opened
hilma_nicolas@brekke.biz,opened
roger.russel@bayer.name,opened
lionel@ward.biz,opened
aubrey_reilly@stracke.name,opened
thomasine.kuhlman@feeney.com,opened
brock.maggio@kunze.biz,opened
josue@littel.co,opened
ollie@friesen-wunsch.org,opened
marcel@von-conroy.org,opened
frank@walker.net,opened
branden@becker.name,opened
micha_ward@wyman.info,opened
samuel_dooley@oberbrunner.net,opened
jenice@schmitt-macgyver.io,opened
augustus@kreiger.info,opened
xiomara@ebert.org,opened
harlan@marquardt.com,opened
jayson_heathcote@stamm-kautzer.net,opened
curt@mcdermott-cole.io,opened
mason@kshlerin.name,opened
bennie@mosciski-blick.name,opened
luciano_bode@boyer-langosh.com,opened
lester.kuhlman@fadel.info,opened
riley@greenfelder.biz,opened
myrl@johns-weissnat.org,opened
saul_monahan@smith-schulist.net,opened
madeleine.rolfson@weber.co,opened
jules_beatty@terry.info,opened
victor@kirlin-spencer.org,opened
perry@sanford.biz,opened
logan@schneider.info,opened
janae.lemke@grady-pouros.biz,opened
delia_altenwerth@hauck-legros.info,opened
cathrine_graham@gerhold.name,opened
nickie@koelpin.io,opened
taylor@conn.io,opened
lucie@koelpin.biz,opened
michale@wehner.io,opened
shala@hansen.info,opened
eugene@kiehn.name,opened
ben_nader@satterfield.net,opened
martine@kulas.com,opened
dona.wiegand@breitenberg.name,opened
victor.leannon@cormier.name,opened
myrta@mccullough.io,opened
emilee_gibson@kuhn-erdman.io,opened
cedrick@mayert.com,opened
brady_doyle@carter-nolan.co,opened
herma@lueilwitz-zboncak.co,opened
vance.hilpert@botsford.name,opened
kent.emmerich@bogan.org,opened
loren.schumm@hand.com,opened
neal.lesch@mohr.io,opened
edgardo_murazik@stamm-erdman.net,opened
demarcus@walker-smith.io,opened
marx.thompson@schaden.name,opened
travis.nikolaus@larson.co,opened
annett.davis@berge.com,opened
gearldine_beer@collins.biz,opened
gregory@jerde.co,opened
leif@reichel.com,opened
matilde.jast@abernathy-ebert.info,opened
louise@nienow.biz,opened
michiko@ledner.info,opened
frank@nikolaus-altenwerth.name,opened
jessika@orn.info,opened
aleisha@blick.info,opened
colleen@koch-barrows.org,opened
arnetta@lang.co,opened
viki@beatty.co,opened
herbert_jacobi@roberts.info,opened
dwight@towne-schoen.co,opened
earl@beier-fritsch.io,opened
young@batz-von.io,opened
julene@miller.com,opened
samella.lynch@harvey-rippin.com,opened
carry@herman.net,opened
denver_jaskolski@okon.io,opened
logan_littel@bruen-olson.co,opened
markus@bechtelar.name,opened
sirena_huel@dare.net,opened
codi_zulauf@predovic.io,opened
shanon@kunde.name,opened
lazaro@bergstrom-herzog.name,opened
shirlee@little-mayer.name,opened
adriane_balistreri@rice-kutch.com,opened
garrett_wisoky@kling.net,opened
mauro_kutch@cormier.name,opened
sterling_kuhlman@gusikowski-grant.org,opened
syble_runolfsdottir@mccullough.net,opened
annett_effertz@wolff.com,opened
delois.erdman@hansen.co,opened
arlene.witting@conn.com,opened
clifton.gleason@roberts.co,opened
sherry@dietrich.io,opened
nathanael.lang@quitzon-willms.org,opened
carmelo_mayert@wolff-hirthe.info,opened
grace_stehr@pagac-kuvalis.biz,opened
jarrett_leffler@botsford.co,opened
rodney_carroll@rodriguez.com,opened
cyril@hoeger.biz,opened
judi@jakubowski-beer.org,opened
ophelia@kirlin-funk.net,opened
lynne@lowe-runolfsson.com,opened
magdalene_jones@blick.org,opened
mallie@hermiston.org,opened
shelton_johnston@blanda-sawayn.org,opened
danyelle_prosacco@raynor-adams.com,opened
joan@wisozk.co,opened
gertie_klocko@hackett.com,opened
bret@macgyver.com,opened
irene@mertz.co,opened
rayford@muller.co,opened
clemente.dickens@mraz-kulas.net,opened
nakisha.rau@marks.io,opened
ricky@jacobi.org,opened
ronny@bartoletti.biz,opened
donnell_bosco@yundt.io,opened
chante_fritsch@boyle.name,opened
earnestine@fritsch.info,opened
bernice_hammes@hoppe.com,opened
forrest@quitzon-sporer.net,opened
ivey@lubowitz.info,opened
ilona@hirthe.com,opened
dwayne@hudson.biz,opened
carlota@howell-schiller.net,opened
kari.leuschke@hackett-pollich.org,opened
corazon@willms.info,opened
alleen@schulist.info,opened
darnell.wintheiser@jacobson-weimann.co,opened
genaro_daugherty@von.org,opened
mario.zemlak@ullrich.org,opened
francesco_monahan@blick.net,opened
alexander@bartell.name,opened
shaquana.kunze@lind.info,opened
leroy_walsh@strosin.org,opened
lucien@schmeler.biz,opened
tiny_king@koss.io,opened
shery.funk@prohaska.com,opened
dominic_kub@mayert.com,opened
bobbi_hoeger@reilly.io,opened
gerard_gerhold@harvey.io,opened
gretchen.braun@smitham.co,opened
caroyln.nicolas@hermann.org,opened
tijuana@schaden.name,opened
dalia_deckow@rohan-hoeger.info,opened
rupert.collins@gleason.name,opened
bernardine@kovacek-schultz.net,opened
becki@franecki.net,opened
yung@berge.net,opened
reuben@kessler.org,opened
arlen_prosacco@luettgen.co,opened
vincenzo_beahan@king.info,opened
soledad.stark@schaefer.net,opened
lashunda_dietrich@wolff.net,opened
grant@larson-rolfson.co,opened
terina@lakin-haag.org,opened
sanjuanita@aufderhar.io,opened
maxie@johnston.org,opened
karl@marvin-jakubowski.biz,opened
efrain@schimmel.co,opened
eleanor@cruickshank-cassin.info,opened
elden@keeling.info,opened
lillian_klocko@runolfsdottir-hickle.com,opened
jerrod@durgan.net,opened
ayanna@larson.io,opened
kent.satterfield@bernhard.net,opened
mirella.berge@effertz.org,opened
hubert.borer@thompson.info,opened
winford.feil@reinger.io,opened
enrique.schroeder@bayer-stamm.net,opened
erich@stark.org,opened
tyrone_stamm@lubowitz.name,opened
margy@lowe-yost.info,opened
emerson@trantow.name,opened
lance@green.net,opened
huey@johnson.io,opened
humberto_schaefer@kerluke.info,opened
joesph_schneider@wolf.co,opened
joesph.moore@hilll.net,opened
yetta.hoeger@cormier.biz,opened
elliott_osinski@schinner.org,opened
roxanna.mccullough@rolfson.com,opened
toby_dooley@harber.io,opened
althea.kling@boyle.io,opened
archie.willms@lindgren.com,opened
marge@heidenreich-stark.org,opened
josue@russel.org,opened
hang_casper@mills-reynolds.io,opened
wilma_kessler@bernier.co,opened
roy@runte-ortiz.org,opened
danuta@windler-kertzmann.biz,opened
mabel@orn.co,opened
bradley_langosh@schroeder.info,opened
tanesha_grimes@reichel.name,opened
fran@schroeder.biz,opened
clifford@schumm.net,opened
lucio@langworth.net,opened
mckinley_bartoletti@emmerich.info,opened
danna@lang.co,opened
carlee_parisian@cummerata.net,opened
eldridge@medhurst-kautzer.info,opened
everette@towne.info,opened
sona_walter@gleason-macejkovic.info,opened
joann.vonrueden@nicolas.biz,opened
jackson.hoeger@huel.org,opened
lean_rodriguez@satterfield.com,opened
renee@collins.net,opened
rashad.bechtelar@abernathy.info,opened
maye.gislason@harvey.info,opened
julieann_hoeger@jakubowski-mclaughlin.name,opened
otha.douglas@hoppe.biz,opened
matt@watsica-ward.biz,opened
dudley@erdman.com,opened
carrol@beahan-rosenbaum.net,opened
lupe.keebler@cormier.info,opened
susy.shields@kshlerin.name,opened
latarsha@johns.co,opened
drew@green-paucek.com,opened
vinita_collins@bode-jenkins.name,opened
lakeesha_lubowitz@bode-smitham.org,opened
mose_altenwerth@russel.io,opened
divina@beatty.biz,opened
eleonore@mccullough.io,opened
benita@rau.co,opened
sue@hauck.co,opened
gerry.gulgowski@gulgowski-lynch.io,opened
walker_ruecker@upton-goyette.net,opened
tierra.balistreri@cole.co,opened
clint@larkin.net,opened
melanie@white.name,opened
shantay.conn@weimann-medhurst.co,opened
genevive.goyette@klein.com,opened
rhett@lesch-heathcote.biz,opened
karyn@kerluke-labadie.biz,opened
jeremy_olson@mcdermott.com,opened
khadijah.feest@frami.net,opened
rashad@metz.biz,opened
geoffrey.damore@flatley-zboncak.io,opened
mirella_stiedemann@turcotte.info,opened
romana.conn@mayer.io,opened
joanie.walsh@dibbert-mosciski.com,opened
marlin_block@lind.biz,opened
antoine.nicolas@dooley.io,opened
karie@schultz-smitham.biz,opened
ezra@goyette.info,opened
cristine@quigley-kutch.name,opened
jann_stark@wintheiser-kris.net,opened
tawna.macgyver@wehner-emard.biz,opened
shanda.schuppe@lockman-tillman.io,opened
aurelia@ruecker.org,opened
stevie@kuphal.co,opened
janna.turner@reichert.net,opened
jeffie.turner@metz.io,opened
ginette@dietrich.biz,opened
domenica_heller@williamson.co,opened
ying_heaney@sipes.org,opened
adah.reilly@mosciski-ortiz.co,opened
clark@kirlin-konopelski.org,opened
korey_streich@macgyver.io,opened
wilson@swaniawski.co,opened
nubia@reinger.co,opened
kala_quitzon@bartoletti-ankunding.net,opened
evia@stroman.biz,opened
robt@wilkinson-gutmann.name,opened
viki.gleason@gibson-tillman.org,opened
rhoda.donnelly@howell.name,opened
leslee@dietrich.info,opened
pearle@fisher-tremblay.org,opened
fernanda@barrows.net,opened
lester@mosciski.org,opened
ginny_wilderman@jerde.net,opened
kandi@hilll.co,opened
brooks_collins@quitzon-schoen.net,opened
rosette@streich.biz,opened
hilton_gorczany@wolf-nolan.io,opened
rosario.bosco@leannon.org,opened
verena@prosacco.biz,opened
jocelyn@greenfelder-collins.info,opened
brad_bartell@stracke.info,opened
santo_bergstrom@crist.com,opened
morris@gerlach.io,opened
mariko_daugherty@leffler-brown.io,opened
lisha@watsica.io,opened
maximo_grimes@grimes.io,opened
coleman.jerde@welch.net,opened
boyd@larson.io,opened
theron_bechtelar@breitenberg-ondricka.io,opened
brigid@gottlieb.com,opened
silas_dicki@weissnat.name,opened
tyson.beier@gorczany.biz,opened
albert@littel.biz,opened
derrick@mitchell-fritsch.net,opened
santos.bode@dicki.info,opened
felicita@bayer.co,opened
stephen@wuckert.io,opened
stephan@wuckert-towne.co,opened
velma.toy@lesch.co,opened
leroy.kilback@herzog-carroll.info,opened
hilario_wuckert@yundt.org,opened
pedro@stamm.net,opened
annamaria@gusikowski-kautzer.io,opened
olen.wunsch@treutel.net,opened
neil@torp.com,opened
moshe.kulas@littel-corkery.biz,opened
ozell.bashirian@heaney-rogahn.net,opened
elicia@corwin.com,opened
mario@maggio.com,opened
blair_muller@wilderman.com,opened
claud.greenfelder@bogan.net,opened
veda_armstrong@schiller.biz,opened
kiersten.larkin@predovic-klein.co,opened
hershel@auer.name,opened
cortez_greenholt@hand-swift.co,opened
mozell_gutkowski@kessler.org,opened
nicolasa_erdman@ullrich.biz,opened
jame.klocko@cronin.info,opened
roseline_becker@kreiger.co,opened
laurence.leuschke@boyer.co,opened
laree.nicolas@schneider.org,opened
patrica@price.com,opened
kevin_shields@rodriguez.io,opened
enola@koepp.name,opened
torie_koepp@orn-thompson.io,opened
alice.block@konopelski.info,opened
judi@auer.info,opened
vertie@baumbach-marvin.io,opened
coletta@monahan-heller.org,opened
althea@mayert-dooley.co,opened
blake@kutch.com,opened
rubye.johns@mann.org,opened
vashti_runolfsdottir@mcclure.co,opened
tabetha@treutel-bartoletti.name,opened
jaime@kris-quigley.net,opened
rosy_volkman@lynch.biz,opened
bryanna@wintheiser-beahan.io,opened
oliva.heller@bailey-botsford.co,opened
denyse@kozey.net,opened
love.armstrong@greenfelder.name,opened
dane@kshlerin.info,opened
blossom_brown@labadie-vonrueden.info,opened
edna_hermiston@fay.org,opened
cyrus@mohr.com,opened
cristie_spencer@goodwin.info,opened
paul@marquardt.info,opened
nadene@bradtke-heidenreich.biz,opened
anitra.yost@bartell.io,opened
bruno@monahan.biz,opened
jenette.dicki@balistreri-johnston.org,opened
erwin.huels@koelpin-greenfelder.biz,opened
denny.weissnat@volkman.org,opened
vincenzo@grimes.net,opened
salina@hansen.info,opened
stanley_kuhic@beier.net,opened
claud_labadie@oconner.net,opened
daniela@schmeler-gutmann.co,opened
sammy_hyatt@rice.biz,opened
dollie_lemke@dickens-zulauf.org,opened
christiana.lueilwitz@thompson.name,opened
annamae_okeefe@bahringer-grady.com,opened
erica_kutch@dooley-cronin.io,opened
elijah@oconner.info,opened
simon_veum@murphy-krajcik.io,opened
sherry@bode-gorczany.info,opened
numbers_kuhn@abernathy.net,opened
lauri@lubowitz-franecki.co,opened
jamison@turner-hayes.biz,opened
wilbert@hahn.io,opened
arlen.kulas@volkman.info,opened
carson_cummerata@bradtke.biz,opened
ernest@weber.biz,opened
irvin@cronin-powlowski.info,opened
johnny_crona@kshlerin-damore.co,opened
wilfredo.jenkins@littel.net,opened
devin.leffler@kemmer.co,opened
freeman_stehr@koepp.io,opened
mikel@weissnat.co,opened
irmgard@rodriguez-leannon.name,opened
rueben_dubuque@osinski-rempel.com,opened
vito_waters@cole.co,opened
herlinda@ratke-little.io,opened
jacquetta.kirlin@herzog.info,opened
herschel@swaniawski.net,opened
rolland@bergnaum.org,opened
brigid.morissette@adams-bergstrom.name,opened
coy.jacobi@mckenzie.com,opened
devon.berge@kub.info,opened
aaron_zieme@ferry.co,opened
luigi@hirthe-lockman.net,opened
emil.schoen@hand.name,opened
jeffry_lemke@satterfield.co,opened
fernando.senger@okeefe.name,opened
randell_gleason@gleichner.io,opened
lavada.howell@wolff.co,opened
eliana@graham-nienow.io,opened
anh@rogahn-bednar.com,opened
yuko@johns.io,opened
oralia_legros@leuschke.info,opened
mechelle.lehner@fahey.biz,opened
margy.denesik@ebert-rath.com,opened
corey_grimes@emard.name,opened
stanley_hamill@mayer.info,opened
alfred.gutkowski@cormier.name,opened
ricky@gottlieb.co,opened
britt@block.net,opened
asa@oconnell-bailey.org,opened
carmelina_halvorson@altenwerth.name,opened
anjelica@feeney.name,opened
katia@oconner.info,opened
simona@mitchell-brekke.com,opened
zenaida@hoeger.com,opened
claude@west.biz,opened
joelle@schaden.io,opened
daysi@hills.org,opened
bobette.graham@maggio-runolfsson.co,opened
marcelene@bartell.io,opened
ida@carter.org,opened
glenn.hauck@ryan-streich.net,opened
malika@predovic-hodkiewicz.org,opened
bart_dietrich@rodriguez.io,opened
jeremy@pacocha.info,opened
alejandrina.vonrueden@upton-kreiger.org,opened
otelia@bernier.info,opened
lucio_pouros@dubuque.net,opened
roxie@larson-lynch.org,opened
valrie@reynolds.info,opened
cecelia@hessel-wunsch.net,opened
dorsey.huels@kulas-vonrueden.info,opened
rosario.legros@boyle.name,opened
burton.erdman@swift.io,opened
prudence.heidenreich@sawayn.info,opened
page.smitham@corwin.io,opened
lyndon@konopelski-yundt.co,opened
star@fay.biz,opened
sandy.yost@hayes.net,opened
carley@kub-schmeler.com,opened
jamie_lueilwitz@brekke-upton.co,opened
diedre@pfeffer.net,opened
laurel_oconner@barrows.org,opened
quinn@collier.name,opened
astrid@kling-thompson.name,opened
lou@roob.biz,opened
melida.little@hirthe.biz,opened
frank@lindgren.org,opened
tobias.rowe@fritsch.name,opened
brenton_kling@wolff.info,opened
jordon_schinner@emard.com,opened
leanne@baumbach.name,opened
karima.wilkinson@murphy.io,opened
ricki@kuhn.info,opened
tristan_veum@stoltenberg.name,opened
leigh_schaefer@hagenes-metz.com,opened
cecil@ryan.co,opened
millicent@schmeler.io,opened
wiley_hudson@murphy.info,opened
marya@mertz-rowe.net,opened
hester@hills.name,opened
jeffery_dare@hintz-dietrich.org,opened
christel@wunsch-schowalter.co,opened
kelvin_stanton@considine.info,opened
rosalie@lockman.com,opened
sommer@ondricka.io,opened
heide@kuphal-pfannerstill.co,opened
ethan@mayer.net,opened
shirley@konopelski.info,opened
bernardo_stracke@mitchell.info,opened
vivienne@schumm-franecki.org,opened
kattie_hayes@keebler.net,opened
brian_hodkiewicz@bergstrom-glover.com,opened
kelsi@wunsch-dare.net,opened
lupe@kunde-koepp.org,opened
geraldo_stiedemann@schultz.com,opened
truman@kunde.info,opened
reid_rowe@daniel.biz,opened
david@goldner.name,opened
samantha_raynor@mcclure-hammes.co,opened
nada@kulas.com,opened
joey.bruen@murazik.com,opened
jamey@gerlach-klein.biz,opened
pat@mayert.co,opened
chrissy.keebler@kihn.org,opened
stefania.aufderhar@bergstrom.com,opened
monica@collier.net,opened
brad.rolfson@kessler.name,opened
lizzette@schamberger.biz,opened
blake_mann@berge.com,opened
edris@thompson-thiel.org,opened
george.murphy@zboncak-konopelski.org,opened
divina@hoeger.com,opened
truman@beer-auer.biz,opened
freda.quigley@hane.co,opened
frances@huel-feest.io,opened
aurelia@hyatt-kohler.io,opened
brandie_block@hodkiewicz.name,opened
everett.gislason@tillman.co,opened
maurice.labadie@morar.name,opened
seth.hilll@nolan.com,opened
kizzie@hilpert-ritchie.biz,opened
joey@rath-hodkiewicz.com,opened
bryon.farrell@hermiston.biz,opened
brenton_altenwerth@dare-bernhard.info,opened
albert_sporer@auer.org,opened
anglea@wuckert.info,opened
jerilyn@kub.com,opened
merle_collins@murray.org,opened
grant@harvey.name,opened
barry_friesen@deckow-leffler.info,opened
marleen_krajcik@waters.co,opened
candace_jenkins@stehr.org,opened
denver@casper-mann.name,opened
alexandra.schmidt@grady.com,opened
torie_kozey@kunze.biz,opened
meryl@gerlach-mertz.biz,opened
dorothy@dibbert-okon.io,opened
moshe@oconner.org,opened
reynalda.macgyver@dietrich-reilly.org,opened
dorla_hane@rau-hansen.info,opened
elijah.prosacco@hane-okuneva.org,opened
jeff@schiller.name,opened
alesia@mueller-maggio.io,opened
maricruz.lehner@dickens.biz,opened
ozie@schinner.com,opened
amado.ortiz@nader-pacocha.com,opened
marlena.waelchi@feest.org,opened
lauralee_nitzsche@hansen.org,opened
luz@ebert.name,opened
heriberto.aufderhar@oberbrunner-macejkovic.name,opened
gerardo_hackett@nikolaus-boyle.net,opened
charmain.maggio@schaden.biz,opened
mary.medhurst@rolfson.com,opened
torie.lemke@ryan.name,opened
leeann_macejkovic@wisozk-wilderman.net,opened
