altagracia_murazik@haley.net,delivered
darryl_dibbert@wilkinson-gottlieb.biz,delivered
ambrose@harber-white.name,delivered
vito_smitham@mccullough-ondricka.biz,delivered
carmine@okuneva.org,delivered
virgen.schamberger@rodriguez-jakubowski.biz,delivered
dayna.schinner@mosciski.info,delivered
frieda@sipes-stoltenberg.biz,delivered
wilton@brakus-quitzon.io,delivered
honey@murray.org,delivered
anton_witting@lemke-bosco.info,delivered
nam@reilly.net,delivered
fawn@upton-wisozk.net,delivered
kandy@sauer-altenwerth.org,delivered
kaitlin@rau-reinger.biz,delivered
otis@collins.name,delivered
andrew.ernser@gottlieb.io,delivered
trish.hermiston@paucek.com,delivered
arden@von-orn.co,delivered
efrain@beier.name,delivered
tawanna@grant-spinka.org,delivered
bradford@rosenbaum.info,delivered
chase@kuhlman-stokes.com,delivered
tasia@ruecker.name,delivered
solange@feest.info,delivered
doug@hyatt.com,delivered
rickie@sawayn.org,delivered
garfield.rosenbaum@ryan.io,delivered
gayle.wiza@mann-schimmel.biz,delivered
lincoln@reichert-emard.name,delivered
elias_orn@padberg.info,delivered
burt_purdy@corkery-douglas.io,delivered
dulce@fahey.co,delivered
jesus@zboncak.info,delivered
frederick.mayer@wuckert.com,delivered
roxy@windler.io,delivered
tony@zemlak-hamill.net,delivered
adrian@schumm.co,delivered
tuan@jones-stiedemann.io,delivered
bobbie@goyette-muller.net,delivered
estella@crist.info,delivered
jorge_gorczany@altenwerth.co,delivered
kamala@collins-gulgowski.name,delivered
ian@effertz.net,delivered
selina_windler@bayer.net,delivered
shemeka@watsica.org,delivered
caterina_mills@bauch-kertzmann.info,delivered
daria.ryan@gleason.name,delivered
doreen@mohr.org,delivered
lucius_miller@mosciski.io,delivered
amberly@harvey.co,delivered
christopher_jerde@bashirian.org,delivered
zane.mosciski@mann.name,delivered
elvis@turcotte.info,delivered
emmaline@lueilwitz.net,delivered
amado@rowe.name,delivered
catharine_prosacco@schaefer-erdman.co,delivered
lulu_parisian@lind-borer.info,delivered
shirley@okon.com,delivered
frankie@mckenzie-vandervort.name,delivered
rhoda@veum.org,delivered
halley@weimann.co,delivered
vashti.howe@runolfsson.org,delivered
danyel@gulgowski.io,delivered
palmer.senger@cruickshank.io,delivered
rachel@osinski.co,delivered
guillermo@littel.org,delivered
noble@hauck-volkman.info,delivered
detra.von@cartwright.name,delivered
millard.hamill@pacocha.org,delivered
jessia_bartell@harris.net,delivered
whitney.baumbach@jenkins-kemmer.co,delivered
terry_casper@bosco-braun.io,delivered
buddy_herman@jaskolski.com,delivered
lynn@littel-flatley.com,delivered
janine@cummerata-dibbert.org,delivered
nelia@oconner.co,delivered
molly@koelpin.co,delivered
marilou@abbott.info,delivered
tova@oconnell.co,delivered
wilber.roob@lemke-spinka.io,delivered
asley@auer.io,delivered
sheldon@thiel.io,delivered
iris@senger.info,delivered
son_stroman@boehm.io,delivered
carroll@kuhlman.co,delivered
reanna.hodkiewicz@miller.io,delivered
gil_jones@oconnell.co,delivered
florinda@ortiz.io,delivered
nubia.mitchell@kutch-gerlach.info,delivered
aubrey@leuschke.org,delivered
ricardo@roob.biz,delivered
stacey_renner@spinka-legros.co,delivered
laraine@baumbach.org,delivered
jeraldine.haley@sipes-marks.net,delivered
johnathan_rolfson@miller.info,delivered
chau@hudson.net,delivered
leigh.kirlin@schumm.org,delivered
kendall@damore.io,delivered
domingo_gleichner@weissnat.org,delivered
bernadine_pfeffer@daugherty.net,delivered
florentina@kertzmann.name,delivered
neda_howe@schaefer-berge.io,delivered
precious.cassin@spinka.name,delivered
neal@langworth.biz,delivered
ramonita@block-huel.name,delivered
candra@mosciski.info,delivered
alton_mcclure@haag.io,delivered
candance@cartwright.biz,delivered
daniel@weimann-fahey.io,delivered
reginald_haag@rempel.com,delivered
douglas.murazik@powlowski.info,delivered
denver@sipes-hahn.net,delivered
leonia_nienow@moen-thiel.co,delivered
stephan@balistreri-steuber.com,delivered
anh.adams@flatley.name,delivered
alexia.pollich@hoppe-spencer.info,delivered
joselyn_schmitt@braun-bechtelar.org,delivered
myron@schaefer.io,delivered
teddy@dibbert-sipes.name,delivered
beverly.mcglynn@johnson-corkery.biz,delivered
arnette_dach@hills-bashirian.io,delivered
eddy@watsica.com,delivered
makeda_turner@muller.info,delivered
karma.oconnell@bradtke.name,delivered
cornell@nikolaus.io,delivered
keena@klocko-bechtelar.org,delivered
mike@hoeger.org,delivered
quyen_conn@rice-mcglynn.io,delivered
evan.bode@bartoletti-labadie.co,delivered
warner_gorczany@hamill.info,delivered
rhett@harvey.name,delivered
fabian_pfannerstill@keeling.info,delivered
sidney@terry.info,delivered
jose@price-cremin.name,delivered
jerrica.friesen@schinner.io,delivered
lincoln@berge-abshire.info,delivered
meggan_howell@weissnat-torp.net,delivered
vida@mccullough.info,delivered
deana_beatty@mraz-wunsch.name,delivered
jessie@marquardt.info,delivered
craig@daugherty.com,delivered
alfonzo@upton.org,delivered
lucio_schoen@windler.net,delivered
harlan@veum.io,delivered
garth@lynch-oconner.org,delivered
ramiro.ratke@nikolaus.org,delivered
elvis.bailey@spinka.io,delivered
whitney@nienow-spinka.biz,delivered
morris@rath-wolf.net,delivered
wilford@reichert-leffler.co,delivered
veronika.oberbrunner@hamill-powlowski.biz,delivered
alphonso.roberts@luettgen.co,delivered
kennith@kihn.com,delivered
mable@ledner-kessler.info,delivered
babette.damore@witting-bradtke.co,delivered
ana.beahan@orn.io,delivered
porsha.mcdermott@waelchi.biz,delivered
corey@hudson-stehr.biz,delivered
lauren@effertz.co,delivered
maryann@daugherty.net,delivered
shela@goyette-smitham.org,delivered
lyman_runte@jacobi-carroll.net,delivered
alysa@toy.name,delivered
warren@metz-homenick.com,delivered
gino@lakin.biz,delivered
matilda@walsh.co,delivered
marylou.vandervort@kshlerin.net,delivered
winford@lemke.info,delivered
genoveva.franecki@simonis.co,delivered
virgina@heidenreich.io,delivered
marcel.bosco@harber-kertzmann.net,delivered
shaniqua.waelchi@jacobson-rowe.net,delivered
merle@bergstrom.name,delivered
bonny@grady-monahan.net,delivered
gregg@goodwin-marquardt.net,delivered
reginald@abernathy-lesch.info,delivered
german_leuschke@leannon.org,delivered
ella@gibson.name,delivered
dannette@oconner.org,delivered
stefania@hilll-douglas.co,delivered
rosendo@hettinger-kilback.biz,delivered
narcisa@wisozk.io,delivered
carlos@kertzmann.org,delivered
hermila@schuppe.name,delivered
floyd.stanton@schuster-rau.io,delivered
alisa@padberg-hegmann.org,delivered
jimmy@muller-mante.com,delivered
lisha_white@mante.biz,delivered
noel@wilderman.net,delivered
zofia@stroman.biz,delivered
aida@walsh.info,delivered
vern_nikolaus@konopelski.net,delivered
alva_oberbrunner@labadie.org,delivered
lajuana@ernser.org,delivered
darryl.crooks@kuhn.name,delivered
tracy_cole@kutch.net,delivered
cathi_morar@cassin.info,delivered
andreas.crooks@windler-walker.org,delivered
lillia_collins@spinka.net,delivered
easter_cremin@wisozk-hintz.co,delivered
viviana@marquardt.co,delivered
ismael_luettgen@hyatt.net,delivered
carmella@wolff.net,delivered
jackelyn@grant-senger.co,delivered
catherin@heaney.biz,delivered
tobias_abbott@nitzsche-tremblay.io,delivered
ezekiel@bergstrom-price.io,delivered
santo.crooks@monahan.biz,delivered
lizabeth_abbott@schuppe.org,delivered
pamala.doyle@yundt.com,delivered
sterling@haley.net,delivered
stevie@doyle.info,delivered
rosy@gulgowski-gleichner.io,delivered
claude@yost.com,delivered
rocco@jast-kub.net,delivered
jaqueline@king.io,delivered
nathanael.kirlin@murazik.io,delivered
lauretta@cole.io,delivered
paulette_schinner@mante.info,delivered
bobbye@lehner-bernhard.org,delivered
warner_goyette@kub.org,delivered
concha.will@blanda.net,delivered
constance.roob@mills-green.co,delivered
marcos.wilkinson@shanahan.com,delivered
norah_koss@ebert.name,delivered
heriberto@abernathy.org,delivered
ron@feil-boyle.org,delivered
dion_schmidt@vonrueden-will.name,delivered
harvey@ondricka.biz,delivered
lottie@altenwerth.co,delivered
audrey_emard@osinski.com,delivered
jewel@hickle.biz,delivered
soraya@hintz.co,delivered
gay@crooks.name,delivered
rosia@braun.net,delivered
margarett@macgyver.name,delivered
luciana_senger@kovacek.org,delivered
lynelle@gutmann-rempel.info,delivered
aracelis_gleichner@bergnaum.net,delivered
bell@johns.biz,delivered
lavone@mayer.io,delivered
trenton@mann.com,delivered
nancee@rodriguez.name,delivered
benito_feest@botsford.info,delivered
karon@zemlak.io,delivered
blossom@bernier.net,delivered
francisco.huel@howell-conn.biz,delivered
stuart@flatley-powlowski.net,delivered
shenika.okuneva@morissette.co,delivered
antone@mckenzie.biz,delivered
andy@hegmann-murazik.name,delivered
frank.crona@schuppe.info,delivered
shenna.robel@white.name,delivered
pauletta.damore@heller-morar.com,delivered
edmundo@hessel.name,delivered
ardella@rutherford.org,delivered
boyce.quitzon@dooley.biz,delivered
farah@hudson.net,delivered
ehtel@rau.biz,delivered
esteban.wiza@walker-carter.com,delivered
franklyn.lockman@hills-stroman.com,delivered
kelley@schimmel.net,delivered
tora@steuber.io,delivered
delmar@hermiston-rolfson.biz,delivered
taina@lehner.name,delivered
rocco@barton.io,delivered
arnulfo_keeling@jast.org,delivered
tyron@balistreri-ryan.co,delivered
clarence@harvey.co,delivered
donald@predovic-mills.biz,delivered
eden_donnelly@bahringer.biz,delivered
reyes@herzog.co,delivered
grisel.hettinger@olson-cummings.io,delivered
elinore_champlin@oreilly-hyatt.com,delivered
claud_sanford@bernier.io,delivered
elizebeth@lemke-schamberger.org,delivered
annita@russel-zieme.com,delivered
lavera@boyle-bergstrom.name,delivered
wilhemina@rutherford-monahan.name,delivered
kassandra.metz@prohaska-schneider.co,delivered
ivory@bergstrom-nader.name,delivered
robt.walsh@jenkins-ernser.info,delivered
stacey@wolff.name,delivered
porter@osinski-kerluke.io,delivered
morgan@wyman.name,delivered
ervin_hartmann@herzog-lakin.co,delivered
damian.ruecker@rempel.co,delivered
erasmo_dickens@willms.info,delivered
prince_dickinson@little-denesik.io,delivered
tyesha.jakubowski@greenfelder.name,delivered
bill.kshlerin@vonrueden-gutmann.name,delivered
christa@brekke-mcglynn.org,delivered
maurice@carroll.biz,delivered
ute_ziemann@gibson.biz,delivered
dong_mosciski@orn-kautzer.org,delivered
celina@barton-hoeger.name,delivered
mitsuko_kerluke@huel.net,delivered
jere_corkery@wehner.io,delivered
maddie@runolfsson-botsford.net,delivered
lenard_spinka@streich.biz,delivered
christian_cummerata@grant-tremblay.name,delivered
mimi.runolfsson@daniel.name,delivered
ellsworth_ryan@nader-glover.name,delivered
manuel.ondricka@nader.io,delivered
mickey@kirlin.info,delivered
lenita_powlowski@kshlerin.io,delivered
tyrone_vonrueden@johnson.name,delivered
theressa.koss@corwin.biz,delivered
jaymie_hartmann@macgyver.co,delivered
peter_schmidt@pollich.com,delivered
cary.hessel@wolff.com,delivered
bebe.daugherty@breitenberg-robel.co,delivered
grant@bernier.net,delivered
rodolfo@oreilly.name,delivered
roxana@corkery-tremblay.org,delivered
adolfo@cruickshank.name,delivered
darnell@larson.org,delivered
phillip@cormier.info,delivered
lyle.koepp@altenwerth.org,delivered
sammy.stiedemann@paucek-johns.co,delivered
dominick@parker.com,delivered
carrie@ankunding.biz,delivered
joaquin.lebsack@schaden.name,delivered
marlana.greenfelder@ernser-cremin.io,delivered
elvis.luettgen@oconner.co,delivered
dayna@okuneva-lehner.info,delivered
zulma_bauch@cassin.net,delivered
jackelyn@leffler.com,delivered
holly.feeney@marks-olson.org,delivered
ivory@thompson-rohan.name,delivered
joesph@beer-roob.net,delivered
brenton.conn@adams.org,delivered
kerrie@hirthe.co,delivered
valeria.carter@connelly.net,delivered
harris@terry.info,delivered
elke@koepp.info,delivered
rich@dietrich-senger.biz,delivered
shelli_wiza@barton.io,delivered
chasidy.gislason@casper.org,delivered
jinny@hammes-christiansen.name,delivered
rana_macejkovic@rosenbaum.name,delivered
hilton@denesik-kris.co,delivered
noreen_mosciski@boehm.io,delivered
amberly_macejkovic@homenick-kuhic.biz,delivered
alane@abernathy.net,delivered
julio_toy@bruen.biz,delivered
rena_murazik@rohan-ebert.co,delivered
janell@conn.name,delivered
dwight@gerhold.org,delivered
trenton.ratke@bernier.org,delivered
samuel.okeefe@kunde.co,delivered
loria_schultz@emmerich.co,delivered
leon@hyatt-daniel.info,delivered
thad_abernathy@mraz.net,delivered
normand@schaefer.name,delivered
cleopatra.hamill@morar.io,delivered
augusta@moore-langosh.com,delivered
jewel_heller@koch.com,delivered
joshua.dibbert@oconner.info,delivered
alayna@braun.com,delivered
jewel_white@abshire-rohan.net,delivered
raguel.rogahn@walsh-littel.com,delivered
troy_pfannerstill@cormier.com,delivered
freeman@sauer.org,delivered
jann@armstrong.io,delivered
catrina@maggio.io,delivered
azzie_larson@koelpin.co,delivered
wilton_hintz@hagenes.net,delivered
dewayne_dietrich@becker-brown.info,delivered
jestine_hackett@bartoletti.io,delivered
donny_konopelski@romaguera.name,delivered
carlene@deckow.org,delivered
loren.johnson@hand.info,delivered
danilo@kiehn-balistreri.co,delivered
malik@lind.io,delivered
chadwick.daugherty@roberts.io,delivered
jen@leannon-skiles.io,delivered
eldon.morar@littel.io,delivered
orlando@veum-auer.info,delivered
yuki_gibson@blick.info,delivered
dian.kihn@wolff.name,delivered
alfonso@homenick.net,delivered
lenard@stark.org,delivered
clinton@beahan.io,delivered
carman.keebler@collins.name,delivered
leandro_hegmann@hodkiewicz.net,delivered
levi.prosacco@donnelly.co,delivered
hilde_schimmel@skiles.net,delivered
perry.mayert@morar.org,delivered
titus@abernathy.com,delivered
dave.johns@osinski.name,delivered
mathew@beer.co,delivered
viola.koelpin@lind.co,delivered
hannah@huel.co,delivered
bobbie.prohaska@homenick.net,delivered
lida_waters@bashirian.net,delivered
teresa.rowe@weimann-shanahan.org,delivered
aleshia_parker@brown-dietrich.io,delivered
marc_turner@toy-halvorson.org,delivered
eufemia@macgyver.com,delivered
krista.wunsch@marquardt.io,delivered
lashawnda_bode@fahey-murphy.co,delivered
gay.mayert@wilkinson.io,delivered
eloy@huel.com,delivered
darcie_bergstrom@zulauf-rogahn.name,delivered
victorina@abbott.com,delivered
vern@bahringer-kertzmann.net,delivered
johanne.hilpert@king-goldner.com,delivered
brittny_lindgren@littel.biz,delivered
dana@kulas-watsica.io,delivered
erich@treutel.info,delivered
mary_willms@sauer.io,delivered
myles@kunde-damore.biz,delivered
lorenzo.kohler@block.com,delivered
anneliese@fahey-rohan.info,delivered
cole@kohler.name,delivered
cherryl@hegmann.io,delivered
cathleen@bogan.org,delivered
tatiana.senger@nolan-romaguera.net,delivered
hedy_beer@bruen-thompson.info,delivered
dorian@tillman-predovic.name,delivered
larita@mohr.com,delivered
velvet@goldner.com,delivered
norbert@goldner.io,delivered
faustino_mitchell@kiehn.biz,delivered
dewayne@bins.name,delivered
chong_wiegand@nienow-walsh.name,delivered
benton_deckow@frami.net,delivered
louella_hackett@schuster-mcclure.org,delivered
terresa@emmerich.io,delivered
randall@collier.name,delivered
leanne.rippin@spencer-west.com,delivered
bo@grady.co,delivered
zulema_schmidt@ritchie.name,delivered
leisha_bogan@kovacek-hyatt.com,delivered
carl@beer.org,delivered
rashad@skiles-von.org,delivered
ray.hegmann@wintheiser.org,delivered
yan@bauch.org,delivered
lanny@jacobs.co,delivered
peter.bechtelar@schulist.biz,delivered
eloise@mertz-king.io,delivered
dori.crooks@schulist-ernser.com,delivered
brook_frami@wiegand.org,delivered
donnell@dach.net,delivered
rigoberto.krajcik@heaney.net,delivered
thea.beer@schaefer-kub.com,delivered
eugenio_bahringer@effertz.co,delivered
monroe@kilback.name,delivered
juan.keeling@auer.co,delivered
mavis@pacocha.org,delivered
arlie@gulgowski-cronin.io,delivered
oda.dietrich@casper-breitenberg.co,delivered
adena.daniel@collins-okuneva.com,delivered
scott@christiansen.com,delivered
lanie_kautzer@daniel.org,delivered
jae_marvin@abbott-johns.io,delivered
diana_kub@ernser.com,delivered
brendon_goldner@osinski.name,delivered
keisha.larkin@casper-sipes.org,delivered
cherly.hahn@schaefer.net,delivered
lashell.mohr@padberg.org,delivered
malissa@crooks.name,delivered
dwain_murray@rowe-yundt.co,delivered
lorene.nolan@kutch.net,delivered
terrell_bayer@rolfson.co,delivered
jene.koss@west.info,delivered
lala.moore@kihn.net,delivered
shaun@ankunding.info,delivered
mia@steuber-lehner.biz,delivered
kory.satterfield@effertz-olson.biz,delivered
aaron_cruickshank@kreiger.org,delivered
tijuana_labadie@schiller.org,delivered
arianna@balistreri.name,delivered
brent@bode.net,delivered
lucius@greenholt.biz,delivered
micah.nader@mante.org,delivered
ellsworth.quigley@wilkinson.biz,delivered
ginny@lubowitz.org,delivered
kraig@klein.co,delivered
fernando@miller.name,delivered
kathern@doyle.co,delivered
maynard@bradtke.net,delivered
tamica.runte@halvorson-halvorson.name,delivered
neda_stiedemann@tillman.net,delivered
lon@morar.biz,delivered
ismael@turner-ankunding.biz,delivered
fritz_blick@fay.org,delivered
anglea.hansen@wolff.org,delivered
ai@leannon.net,delivered
yulanda_fisher@schmitt.com,delivered
vance.cummerata@morissette.com,delivered
manuel.nitzsche@kub.org,delivered
milford.hyatt@borer.net,delivered
meagan@moore.co,delivered
frances.schiller@kuhlman-smitham.io,delivered
chong@heller.biz,delivered
lashonda@nolan.com,delivered
nolan@baumbach.biz,delivered
daryl@brakus.co,delivered
clement.bayer@turcotte.info,delivered
carter@tromp.org,delivered
cornell@emmerich.io,delivered
melanie_mccullough@reinger-altenwerth.com,delivered
shirely_friesen@nitzsche.biz,delivered
francisco@dooley-abbott.info,delivered
dessie_hane@ebert.org,delivered
twanna.mertz@willms-howell.io,delivered
johnna.wolff@monahan.org,delivered
fred.mcclure@heller-dickens.info,delivered
gerardo_tremblay@goodwin.biz,delivered
kacey.kreiger@welch.co,delivered
santos@streich.name,delivered
marvin.emmerich@pollich-cruickshank.io,delivered
dallas.becker@wintheiser.io,delivered
cristina.rutherford@ryan.com,delivered
su@little-yost.biz,delivered
luther@rolfson-barton.co,delivered
mitchell.dibbert@murazik.net,delivered
martin_lind@huels.biz,delivered
duncan@stroman.info,delivered
marquis@connelly-roob.biz,delivered
jamison.morissette@kerluke.biz,delivered
martin@kertzmann.info,delivered
arminda@koepp.info,delivered
victor_langworth@nicolas.org,delivered
yajaira@wiegand.biz,delivered
valentin@stanton.info,delivered
timika_lind@armstrong.net,delivered
floyd@mcglynn-parker.biz,delivered
taina.kris@kuhic.name,delivered
german@funk.io,delivered
emory.brown@schmidt.com,delivered
janetta@dicki.biz,delivered
marty_jacobs@miller.io,delivered
lucio@watsica-green.io,delivered
ardell@feil-fadel.co,delivered
jon@braun.name,delivered
chad@durgan.name,delivered
blake@stracke-klocko.info,delivered
timmy.gusikowski@berge.com,delivered
dahlia.klein@wilkinson-nikolaus.biz,delivered
nelson_bogan@satterfield-smith.io,delivered
bong@mitchell-gerhold.biz,delivered
haley@swift.com,delivered
brian_pollich@mayer-friesen.co,delivered
carlena.lockman@kulas.name,delivered
mauro@olson.net,delivered
larita_bailey@schimmel-nienow.io,delivered
waylon.dietrich@rutherford.info,delivered
nicolle_streich@hills.io,delivered
noel@konopelski-zieme.org,delivered
sonia_effertz@vandervort.com,delivered
many_hegmann@leuschke.io,delivered
jerrica.langworth@quigley-mertz.name,delivered
lemuel@howell-funk.org,delivered
charles@runolfsson-jerde.io,delivered
melodee@leuschke-ruecker.io,delivered
lavada_mann@pagac-roberts.org,delivered
lavette_hermiston@nienow-kozey.org,delivered
darron@kreiger.name,delivered
derrick@bogisich.name,delivered
arletta@feeney.io,delivered
esta@ullrich.com,delivered
altha@tromp.io,delivered
rey.schuster@hyatt-pollich.info,delivered
kandi.padberg@bernier-zemlak.info,delivered
erick@hills.biz,delivered
tyrone_morissette@kohler-kulas.biz,delivered
kali@stark-jast.name,delivered
jessie@rolfson.com,delivered
deneen@nolan.net,delivered
nathan@rau.com,delivered
dick.mayer@lindgren.net,delivered
percy.langosh@schneider.net,delivered
genoveva_johnson@wisoky-kub.info,delivered
darren.greenholt@miller.co,delivered
kelsi.mcglynn@stamm-abshire.io,delivered
leesa@pfannerstill-konopelski.org,delivered
kandi.davis@kerluke.info,delivered
doug@ledner.name,delivered
echo@stoltenberg.io,delivered
marcos.blick@ryan.com,delivered
larissa@jacobs.co,delivered
tuyet@quigley-harris.co,delivered
del.hane@gleichner.org,delivered
alisa@halvorson.co,delivered
jed@wilderman-morissette.org,delivered
nakisha_ledner@moen.name,delivered
neal@bergnaum-boehm.io,delivered
sharyl@stoltenberg.biz,delivered
kelvin@schiller.biz,delivered
deshawn_orn@farrell-white.org,delivered
geraldo@king.name,delivered
antonetta.waters@stroman-weimann.io,delivered
tarra_bechtelar@baumbach.biz,delivered
jeffie.heidenreich@gorczany-schumm.biz,delivered
brunilda.leffler@adams-renner.name,delivered
will.wilderman@schultz-bins.org,delivered
fawn.barrows@gutmann.io,delivered
noble_rohan@stoltenberg.io,delivered
lou@muller-mcglynn.net,delivered
alex_auer@reichert.info,delivered
elliot_powlowski@barton-hane.name,delivered
nelson.green@halvorson.name,delivered
jaqueline.bergnaum@swift.net,delivered
marco.friesen@mante-mosciski.biz,delivered
kraig_gorczany@bosco.net,delivered
kathy_wisoky@pacocha.biz,delivered
rubi.schaden@barrows.info,delivered
kerry@orn.net,delivered
marni.lockman@casper.name,delivered
annmarie_mraz@kirlin.io,delivered
rudy.hintz@howe-lemke.name,delivered
nathaniel.glover@abernathy-bahringer.biz,delivered
jarvis@hyatt.info,delivered
caren_wiza@kub.co,delivered
dallas@terry-keeling.info,delivered
isaiah_white@bailey.name,delivered
william@herzog.name,delivered
rigoberto.kuvalis@kohler.com,delivered
usha_hermiston@graham.net,delivered
keenan.lindgren@torp.io,delivered
oren@schmitt.co,delivered
klara@bartoletti.net,delivered
arlie@emmerich.io,delivered
virgilio@hintz-roberts.org,delivered
sang@collier.biz,delivered
gilbert@daniel.io,delivered
scott@hessel-dicki.io,delivered
matt@schoen-cruickshank.com,delivered
monnie.keebler@goyette-hackett.org,delivered
gudrun@morissette.biz,delivered
darryl_bechtelar@rath-bergstrom.biz,delivered
man_kautzer@gulgowski-kreiger.io,delivered
albert_greenfelder@adams.biz,delivered
michael@terry-heidenreich.com,delivered
lou_ferry@dickinson.info,delivered
autumn@morar.com,delivered
tad_bechtelar@kerluke-hayes.co,delivered
dominick_vonrueden@bogisich.com,delivered
albertine.bradtke@tromp.name,delivered
genoveva@boehm.net,delivered
hugo@hintz.info,delivered
alvaro@brakus.biz,delivered
jarrett_hamill@west.name,delivered
grover@harvey.org,delivered
kerstin_vandervort@botsford.name,delivered
griselda.glover@volkman.com,delivered
devon.gislason@jacobi-williamson.name,delivered
giovanna@nitzsche-kunde.info,delivered
marianna_klocko@kulas.info,delivered
ramon@rath-kub.net,delivered
geraldo@abshire.io,delivered
antonia.mccullough@reynolds.biz,delivered
mark@herman-streich.name,delivered
marybeth@kub-wiegand.org,delivered
suk@satterfield.biz,delivered
dewayne_quitzon@pfeffer.net,delivered
ignacio@schulist.biz,delivered
rolando@jenkins-herzog.biz,delivered
ann_thompson@dubuque-cremin.org,delivered
sal_orn@harber.info,delivered
jeffery.kautzer@carroll.biz,delivered
dallas@greenfelder.name,delivered
frances@schmeler-miller.name,delivered
viviana@kuhic-nitzsche.io,delivered
elmo.pagac@gutmann.org,delivered
sunni.moore@bosco-luettgen.org,delivered
maurice.schowalter@heathcote-larson.co,delivered
thurman@gulgowski-kerluke.co,delivered
meghan.labadie@runolfsdottir-fay.org,delivered
odis@abernathy.co,delivered
thi_vandervort@emmerich.name,delivered
benito_pagac@considine.biz,delivered
makeda@kessler.org,delivered
yanira_ledner@will-vandervort.co,delivered
stormy@bahringer.co,delivered
stacee_macgyver@bradtke.com,delivered
rosa.koelpin@fisher.org,delivered
marti@lehner-leffler.net,delivered
merilyn.wolf@blanda.com,delivered
dalton@berge.biz,delivered
tiffiny_daugherty@schimmel.net,delivered
cheree@wunsch.net,delivered
winfred@greenholt-marquardt.net,delivered
lessie@strosin-schmeler.net,delivered
rayford@kuhn.name,delivered
santana@jacobs.net,delivered
korey.rogahn@king-willms.co,delivered
dario.pagac@weissnat.org,delivered
antonia@kreiger-kiehn.info,delivered
armando@jenkins.name,delivered
sal@mccullough-cummerata.name,delivered
glen_haag@konopelski.io,delivered
winford@schaefer.net,delivered
dale@will-beatty.io,delivered
izetta@carter.biz,delivered
rodney_jenkins@hoeger.name,delivered
jaymie.robel@hauck-witting.com,delivered
herma_adams@hettinger-predovic.net,delivered
shonna_cassin@kreiger.org,delivered
efren_wiza@bradtke-rath.org,delivered
casey@altenwerth-cremin.name,delivered
lashanda@kuhn.com,delivered
exie@collins.net,delivered
reyes@boehm.biz,delivered
viola_barton@carter-torp.name,delivered
yang@huels-quitzon.info,delivered
arden.powlowski@sawayn-jacobson.com,delivered
nicolas.berge@kovacek.co,delivered
krystle.block@maggio.co,delivered
tyrell.schaefer@rice.net,delivered
marlon_sauer@fritsch-lowe.co,delivered
felicitas@pfannerstill.net,delivered
pok@braun.io,delivered
vergie.trantow@graham.net,delivered
beverlee.lubowitz@runolfsdottir.io,delivered
cassandra_murphy@mann-harvey.net,delivered
billie_terry@ernser-altenwerth.io,delivered
jeannine_beier@bayer.org,delivered
manual_medhurst@waelchi-cronin.biz,delivered
forest.conn@trantow.info,delivered
john@brakus.co,delivered
hermine@veum.info,delivered
fannie@conroy-schneider.org,delivered
thomas_swaniawski@pfannerstill-franecki.biz,delivered
latasha.zemlak@willms.co,delivered
gil_wiegand@white.org,delivered
hermelinda@willms.name,delivered
dave.halvorson@schaden.biz,delivered
abe@macejkovic.biz,delivered
keely.huels@oreilly.name,delivered
noel.gutmann@shanahan-ullrich.net,delivered
adina_stamm@harvey.info,delivered
reginald@rath.com,delivered
tai.langosh@hoppe.name,delivered
alexander_daniel@huels-daniel.org,delivered
amalia_king@bosco.io,delivered
malcom_tremblay@leuschke.name,delivered
dominic@labadie-brekke.info,delivered
leslie@bailey.name,delivered
benny_fahey@dare.info,delivered
cory_rosenbaum@bradtke-blick.io,delivered
tod_spencer@feeney.co,delivered
mechelle_homenick@towne.io,delivered
michele@krajcik.biz,delivered
issac.lubowitz@hahn.org,delivered
debrah_rempel@treutel-von.com,delivered
nolan@orn.biz,delivered
jesus@raynor.biz,delivered
carlie.hartmann@morissette-lubowitz.org,delivered
madlyn.walter@rodriguez.co,delivered
moshe@marvin.com,delivered
judson@waelchi.io,delivered
concetta@stanton-okeefe.co,delivered
claudio.doyle@gerhold.info,delivered
loraine@keeling.info,delivered
adrian.schmitt@king.com,delivered
maryjane@gerhold.co,delivered
emmitt_cronin@little.io,delivered
modesto@berge-padberg.io,delivered
fausto@yundt.info,delivered
francesca_thompson@lehner-ryan.co,delivered
adria_wiegand@deckow.io,delivered
genaro@klocko.co,delivered
luke@powlowski.biz,delivered
abe@friesen.info,delivered
hai@glover.name,delivered
amelia.brown@brakus-little.io,delivered
beulah@wisozk-sipes.net,delivered
alexia@mueller-volkman.net,delivered
lakita@ortiz.co,delivered
danilo.west@parisian-thompson.co,delivered
leigh_gleason@brekke-larson.io,delivered
wilmer_schulist@schmidt.co,delivered
yuriko@dare.name,delivered
delta@schuster-glover.co,delivered
celesta@lang.org,delivered
sergio@borer.org,delivered
avril@rogahn-cremin.info,delivered
darwin.prosacco@grant-kunze.co,delivered
sade@thiel.org,delivered
shannan.doyle@hackett.com,delivered
williemae@heidenreich-krajcik.net,delivered
clarence_luettgen@paucek.name,delivered
norbert@terry.info,delivered
numbers.reynolds@spencer.info,delivered
maryjane@gorczany-corwin.biz,delivered
brady@blanda.biz,delivered
cassondra_kiehn@mann.biz,delivered
joaquina@grant.org,delivered
deanne@stracke.com,delivered
markus.sporer@collins.name,delivered
elroy_watsica@pacocha.name,delivered
roman.runolfsson@bahringer.co,delivered
leota.mertz@stiedemann.name,delivered
ozzie.mcglynn@schaden-gleason.com,delivered
lettie_witting@wiegand.biz,delivered
stephine_gislason@daugherty.co,delivered
dustin_feest@cummings-rau.info,delivered
dotty_macejkovic@bayer-lueilwitz.name,delivered
roman@barton.name,delivered
octavia@farrell.com,delivered
marna@donnelly.com,delivered
dallas@reichert.com,delivered
piper.homenick@leffler.com,delivered
myrna@baumbach.org,delivered
richie@rempel.net,delivered
anibal_mann@johnson.net,delivered
melody.spinka@marks.com,delivered
ray.schuster@greenfelder.co,delivered
paris_rohan@wunsch.com,delivered
quincy@donnelly-hammes.name,delivered
domingo@wunsch.co,delivered
felisha.ohara@leffler.org,delivered
dick@price.net,delivered
cherryl.price@ebert.name,delivered
laurel@connelly.io,delivered
tomi_graham@mayert.net,delivered
dominique@reichert.io,delivered
daniel_roob@runolfsson.net,delivered
columbus.moore@roob-rice.biz,delivered
marine@dicki.biz,delivered
ophelia_beahan@stokes-conn.io,delivered
josephine@dach.net,delivered
isaias@turcotte.net,delivered
jeremy.glover@bechtelar.com,delivered
charlie@jaskolski.com,delivered
lane@rau.org,delivered
maynard@hand.name,delivered
elva.connelly@ohara.name,delivered
pearlie.hickle@walker-gorczany.biz,delivered
jacquelynn.kuhlman@rau-gibson.org,delivered
dawne.boyer@ankunding.org,delivered
vernita_paucek@bayer-smith.org,delivered
madeleine@wisozk.com,delivered
benton@anderson-cremin.io,delivered
jacelyn_barton@reilly-champlin.org,delivered
ola@schaefer-schmeler.info,delivered
lemuel@emard-kreiger.name,delivered
herman.ebert@bartoletti-kutch.co,delivered
isaias@kutch-kunde.biz,delivered
jeffery_satterfield@considine.com,delivered
freddie.beer@wintheiser-heaney.name,delivered
laverne_orn@dickinson.org,delivered
victor.barton@greenholt.net,delivered
troy@miller.com,delivered
chan@schmidt.net,delivered
alexis@mclaughlin-dicki.com,delivered
jean.rice@keeling.co,delivered
tony@stehr.io,delivered
dorian_cormier@hansen-harvey.net,delivered
ammie@pfannerstill-abernathy.org,delivered
boyce@mann-labadie.io,delivered
frank@ullrich-hermiston.biz,delivered
dannette@schneider.info,delivered
modesto.kovacek@franecki-powlowski.co,delivered
elana_botsford@okon.com,delivered
cammie@littel-quigley.net,delivered
erwin@macgyver.com,delivered
louis_lynch@kiehn-cartwright.info,delivered
mckinley@herzog.biz,delivered
domingo@wiegand.info,delivered
bernice_cremin@denesik.info,delivered
mariam@osinski-sporer.name,delivered
kyla@cruickshank.name,delivered
rosamond.cole@pacocha-watsica.org,delivered
juliann@wiegand-bauch.net,delivered
camelia.weissnat@dickinson.net,delivered
darnell.wyman@wehner.name,delivered
sydney@kilback.io,delivered
cole_feest@heathcote.io,delivered
lawrence@hahn.info,delivered
myrl@johns-hagenes.com,delivered
wiley_haag@hintz.com,delivered
lannie_boyle@emard.co,delivered
valeri.rice@mcdermott-hammes.org,delivered
stan_brown@skiles.name,delivered
dreama@hackett.com,delivered
mohamed@grimes.com,delivered
frank_casper@spinka.name,delivered
elissa.vandervort@wyman-cruickshank.info,delivered
rachelle.heathcote@swaniawski.biz,delivered
brice_hettinger@gerhold.co,delivered
jim@oconnell-brown.io,delivered
winfred@keebler.co,delivered
israel@reichel-braun.name,delivered
rob@herzog.com,delivered
basilia_feeney@nitzsche.biz,delivered
elfrieda.bergnaum@collins.name,delivered
delmar.oconner@rice-windler.com,delivered
bennie@dibbert.co,delivered
devona_jaskolski@runolfsson.org,delivered
dana@marks.org,delivered
marvis@ruecker-larkin.com,delivered
bradly@jast-skiles.net,delivered
delisa_nolan@thiel.biz,delivered
heriberto_lubowitz@hodkiewicz.org,delivered
debora@jerde.name,delivered
marcellus@yost.info,delivered
stuart@langworth.co,delivered
jenniffer@skiles-mills.co,delivered
thad@kautzer-kassulke.com,delivered
coy_metz@okon.io,delivered
julius_ohara@daniel.com,delivered
scotty@nitzsche.net,delivered
carlos.walsh@bednar.name,delivered
gabriel@marvin-hamill.co,delivered
cody@king.name,delivered
kami@brakus.org,delivered
toni@jast.net,delivered
brendon_west@kuphal.com,delivered
mauro_hickle@green.name,delivered
delmy_ullrich@morissette-reichert.name,delivered
mildred_welch@lindgren.org,delivered
ashlie@connelly-steuber.info,delivered
todd.howell@borer.info,delivered
peggy@champlin.io,delivered
heriberto@oconner-buckridge.io,delivered
joe.wunsch@pollich-mcdermott.net,delivered
jenise@langworth-grady.info,delivered
bonnie@cole.com,delivered
truman@tremblay-ebert.com,delivered
filiberto.reinger@pacocha-dietrich.biz,delivered
lorretta@gerlach.biz,delivered
blair_sawayn@steuber.info,delivered
marketta_gutmann@gleichner-mayer.name,delivered
truman@murphy.net,delivered
maryland_pollich@friesen-schiller.net,delivered
ike.frami@mertz.io,delivered
kristofer@okon-volkman.org,delivered
jed@stehr-zemlak.com,delivered
florida@stiedemann-champlin.info,delivered
brian_greenholt@goyette-abernathy.co,delivered
georgia@streich-treutel.io,delivered
kourtney_lockman@kemmer.info,delivered
haywood.fadel@cassin.info,delivered
dan_oconner@nitzsche.io,delivered
darren@parisian.org,delivered
clifton_bradtke@frami.co,delivered
loren@ankunding.name,delivered
barrett@murphy.info,delivered
hai.green@gusikowski-mcclure.info,delivered
connie_hackett@luettgen.com,delivered
salvatore_kihn@rowe-hudson.co,delivered
modesto@rodriguez-mayert.org,delivered
yael_metz@cormier.net,delivered
ronnie.schmidt@jast.co,delivered
devona@gerhold.info,delivered
jayson@friesen-huels.com,delivered
georgann_yundt@herman.io,delivered
ollie@bergnaum.name,delivered
logan_macejkovic@ward.name,delivered
thaddeus.littel@hilpert-schowalter.biz,delivered
nicky@dietrich.org,delivered
danyel@fahey.co,delivered
florentino_hilpert@trantow-schoen.com,delivered
ethan@lemke.name,delivered
stephan@hamill-hodkiewicz.name,delivered
renato@greenfelder-cartwright.org,delivered
nikki_gerlach@kunde-barrows.biz,delivered
demetrius@daniel-grady.co,delivered
tim@lowe-ebert.net,delivered
ivan.predovic@koelpin.info,delivered
huey@sporer.io,delivered
neta@pouros.co,delivered
jess@ledner.io,delivered
harrison.stehr@glover.info,delivered
jenni@hilll.info,delivered
sanford_hane@rutherford.com,delivered
maryland_huels@wisozk.io,delivered
sheldon@schaden.io,delivered
leandro_christiansen@smitham-rogahn.org,delivered
granville.cummerata@sipes.io,delivered
marvin@schuppe.io,delivered
clifford@graham.com,delivered
clarita_oreilly@emard.org,delivered
maximo@mertz.io,delivered
teddy_steuber@aufderhar.net,delivered
dorthea_kris@lowe-stiedemann.io,delivered
susie.collier@reynolds.info,delivered
