pierre.batz@baumbach.net,bounced
carey@nienow-kessler.info,bounced
seema@herzog.org,bounced
laine@pacocha-raynor.net,bounced
crista@wilkinson-breitenberg.org,bounced
chang_funk@marquardt.org,bounced
michel@rempel-hand.io,bounced
louis@considine.org,bounced
johnie.stiedemann@bernier-gislason.com,bounced
leanne@west.net,bounced
margot_osinski@kerluke-lowe.net,bounced
kasandra_kozey@orn-macgyver.co,bounced
bernita@mills-jones.co,bounced
randell.klein@lakin-bosco.com,bounced
leann@waelchi.io,bounced
ashely.daniel@oreilly.name,bounced
aida@wisoky.io,bounced
colin@ullrich.org,bounced
kristyn@boehm-green.net,bounced
rosendo@rempel-gulgowski.net,bounced
duncan@haley-murray.org,bounced
shena.will@gusikowski.org,bounced
eilene@grady.net,bounced
vinnie.romaguera@ward-kling.net,bounced
dwayne@okeefe.co,bounced
wendell_hackett@grant.name,bounced
geneva@howell.co,bounced
kory_stracke@boyle.com,bounced
fredia@pagac.biz,bounced
jeromy.okeefe@champlin.org,bounced
tomas.lowe@kuhlman-nicolas.org,bounced
shasta.gutkowski@larkin-jerde.com,bounced
jalisa@jones.org,bounced
raymon@schneider-langworth.info,bounced
salley@mckenzie.org,bounced
dudley@lehner.org,bounced
gus@crona-gislason.biz,bounced
charita.yost@oberbrunner.com,bounced
octavio_rice@cummings.org,bounced
lorenza@barton.com,bounced
cristobal_treutel@konopelski.com,bounced
edgardo@white.net,bounced
noriko@carroll.io,bounced
adam@gutmann-kerluke.io,bounced
tashia@boehm.name,bounced
trent_russel@weber.net,bounced
karl@wiza-renner.org,bounced
sandie@jacobson.co,bounced
vallie_harris@wolf-howe.name,bounced
nathanael.bogisich@hills-kassulke.com,bounced
alphonse.mohr@marvin.com,bounced
odis@conn.co,bounced
noelle.lakin@zboncak-monahan.biz,bounced
mauricio@bahringer.io,bounced
coral@rippin.biz,bounced
ali_kilback@stehr-ledner.com,bounced
shirleen@beatty.name,bounced
charles.schimmel@schmeler.info,bounced
woodrow_bashirian@johnson-king.org,bounced
britt.kohler@davis-moen.com,bounced
ewa@little.co,bounced
alan_koelpin@douglas.name,bounced
jennifer@west-kautzer.org,bounced
corazon.brekke@gulgowski-gerlach.biz,bounced
jarred@kris.org,bounced
vincenzo@west.org,bounced
mandi.ratke@schneider.io,bounced
luis@terry-witting.info,bounced
debby.mueller@bernhard.info,bounced
inge.kozey@lemke.info,bounced
sonja@maggio-aufderhar.io,bounced
deirdre_grady@ziemann.net,bounced
corrie@abernathy.biz,bounced
chloe_robel@kunde.io,bounced
levi@carter.org,bounced
adalberto.herman@terry-mraz.com,bounced
carroll_graham@terry.net,bounced
everette.russel@walter.com,bounced
doyle_gutmann@schowalter.name,bounced
johnathan_bednar@stanton.io,bounced
merrilee.wisoky@treutel-ondricka.com,bounced
eliz@braun.io,bounced
kerrie@dickens.co,bounced
dorthey_gottlieb@jacobson.biz,bounced
javier_trantow@quitzon.name,bounced
carroll@romaguera-grady.org,bounced
allen_padberg@padberg.org,bounced
isreal@brown.biz,bounced
tamisha_oberbrunner@hermiston.io,bounced
nicholas_considine@lakin.info,bounced
danilo@mueller-medhurst.org,bounced
ranae.mclaughlin@bahringer.name,bounced
noel@cummings.com,bounced
irmgard.reinger@hodkiewicz.io,bounced
emanuel_howe@schowalter.com,bounced
charleen.monahan@murray-connelly.org,bounced
lauren.daugherty@will.org,bounced
chase@davis.com,bounced
elwood@romaguera.io,bounced
kathleen.spinka@oconnell-trantow.co,bounced
bethann_murphy@mann-monahan.name,bounced
santo.daugherty@muller.info,bounced
jamal.roob@smith.net,bounced
guillermo@schmitt-hane.com,bounced
leigh_zemlak@haag-heathcote.name,bounced
thalia@cummerata-dare.org,bounced
kennith.nitzsche@runte-jones.net,bounced
reginald.bruen@jacobi-krajcik.info,bounced
toi@mohr-lueilwitz.com,bounced
salvador_murazik@upton.org,bounced
lesa.larkin@pfannerstill-yost.co,bounced
lucilla_nikolaus@marquardt.org,bounced
dylan.conn@oconnell-bruen.info,bounced
bethany@goldner.io,bounced
millard.zulauf@wyman.net,bounced
val@muller-lowe.net,bounced
isreal_deckow@mante.io,bounced
ardis_wunsch@boyle.info,bounced
maureen.hoeger@bergnaum.io,bounced
carl.mccullough@brakus.org,bounced
laureen.schaden@rodriguez-purdy.org,bounced
dominic.okuneva@cremin-aufderhar.co,bounced
august@gutmann.info,bounced
sandra_moore@ritchie.io,bounced
loren_rempel@hoeger.net,bounced
shawana@mckenzie.io,bounced
norman_reynolds@johns.net,bounced
edward_kertzmann@strosin.co,bounced
shoshana@beatty-witting.biz,bounced
rupert@gislason.org,bounced
christopher_hodkiewicz@hessel.biz,bounced
raeann@rice.io,bounced
melynda_roberts@hartmann.biz,bounced
carola@simonis.biz,bounced
nadine_jaskolski@hegmann-mitchell.biz,bounced
corinne.crona@stamm-wilkinson.net,bounced
sheilah@hintz.name,bounced
karry@kris.co,bounced
milton@schiller-upton.co,bounced
rudolf@pfeffer.info,bounced
mitch@hickle.co,bounced
silvia@hickle.net,bounced
jacque@dubuque.com,bounced
enoch_larson@ernser-roob.com,bounced
rico@hagenes.net,bounced
irvin.renner@borer.net,bounced
sidney@schowalter-rodriguez.biz,bounced
kendrick@jaskolski.name,bounced
grant@kshlerin.biz,bounced
jackie@davis-graham.biz,bounced
natisha.breitenberg@beatty-pfeffer.com,bounced
lashell@wyman.name,bounced
gregg@farrell-lesch.com,bounced
joeann.rice@medhurst.co,bounced
kacie@connelly.net,bounced
becki@marvin-abernathy.io,bounced
moises_hessel@franecki.name,bounced
alysha@pacocha.com,bounced
ivana.lueilwitz@daugherty.co,bounced
aretha_murray@macejkovic.name,bounced
blaine_west@sawayn.io,bounced
nila@kshlerin.name,bounced
garland_lowe@satterfield.co,bounced
andreas_hane@crist.biz,bounced
dorsey@prosacco.biz,bounced
jay@stiedemann.name,bounced
alise@gleason.biz,bounced
aurelia@jacobson.io,bounced
lucinda@murazik.com,bounced
keshia@hermann.net,bounced
lamonica.brekke@conn-murazik.io,bounced
teodora.bosco@damore-okeefe.com,bounced
akiko@romaguera-feil.org,bounced
brice_hegmann@gibson.name,bounced
lacy@boehm.name,bounced
opal.herzog@cruickshank.org,bounced
raymon@hansen.name,bounced
clayton.collins@bailey-koepp.org,bounced
bret.bradtke@mueller-parisian.name,bounced
charlie@quitzon.org,bounced
garrett@moen.info,bounced
allegra@skiles-lindgren.com,bounced
connie.macgyver@walker.name,bounced
andrea_rau@harvey-kunze.info,bounced
angelica@kris.org,bounced
cleveland_ankunding@roberts.name,bounced
danita@streich-mcglynn.org,bounced
carey@hamill.net,bounced
cody_turcotte@sawayn.io,bounced
pedro.bashirian@cummings.name,bounced
dena.tromp@langosh.biz,bounced
star.roberts@ryan.info,bounced
michale_schoen@batz.biz,bounced
gianna@casper.biz,bounced
susannah@klocko.io,bounced
alonso@schoen.io,bounced
kandis@bode-connelly.co,bounced
krystal_bruen@windler.name,bounced
boyce@harvey.com,bounced
sadie.auer@klocko.co,bounced
natisha.beer@johns-dicki.io,bounced
sergio@osinski-ankunding.com,bounced
thomas.hartmann@hessel.io,bounced
sondra@gerhold.com,bounced
lorean_kreiger@bernhard.co,bounced
porfirio.paucek@kris.net,bounced
modesto.leuschke@gutkowski-turner.co,bounced
felicia.waelchi@stamm-okuneva.net,bounced
gayle.steuber@brekke.name,bounced
eduardo_hammes@morar-langworth.net,bounced
bart@bartoletti.name,bounced
reta@hamill.net,bounced
stewart_bernhard@ohara.com,bounced
herb@lubowitz.net,bounced
darnell_tromp@beahan.name,bounced
horace_hand@bernhard.name,bounced
carey.legros@williamson.info,bounced
cornelia@feeney.name,bounced
jordan@swift.org,bounced
araceli@oconnell.org,bounced
dayna_murazik@gleichner-williamson.com,bounced
alonzo.tromp@leuschke.name,bounced
corazon.christiansen@beier.com,bounced
dian_turner@yundt.org,bounced
alva_adams@stehr.com,bounced
kelley_waelchi@jacobs.co,bounced
jay.rau@torphy.co,bounced
kurt@ziemann.org,bounced
mike@rolfson.io,bounced
johnette.lowe@west.name,bounced
cletus_torp@boyer.com,bounced
darnell_cassin@ratke.co,bounced
francis@stamm.org,bounced
wade_reilly@corwin.com,bounced
shanda@bins.org,bounced
wilhemina@witting.org,bounced
conception@kozey.name,bounced
byron.altenwerth@weber-toy.co,bounced
lynell_orn@ward.io,bounced
judson@swaniawski-moore.name,bounced
alfredia.braun@denesik.org,bounced
brandy@lindgren-jacobi.info,bounced
shantelle@stanton.com,bounced
miquel@zboncak-schuster.io,bounced
earnest.witting@cremin-williamson.biz,bounced
luke@howe.name,bounced
emanuel@parker-crist.org,bounced
meggan@heaney.io,bounced
quincy@daniel-heller.org,bounced
douglas@koss.org,bounced
jordan@langworth-gerlach.org,bounced
mora@schoen.info,bounced
christian.toy@tromp.co,bounced
gregoria@wisozk-schroeder.info,bounced
archie@dare-larson.io,bounced
nicolette_gottlieb@stark-klein.biz,bounced
shayne@erdman.biz,bounced
randy.kihn@boyle.name,bounced
lynell_schaefer@ledner.com,bounced
bennie@fay.co,bounced
cyrus_leuschke@gorczany.co,bounced
reva.price@fay-runolfsdottir.net,bounced
preston_predovic@larson.com,bounced
porsche@franecki-ankunding.org,bounced
gabriel@hills.biz,bounced
mitch.oberbrunner@wisoky-oconner.net,bounced
deidra_mckenzie@rodriguez-ritchie.biz,bounced
georgianne@kshlerin-ohara.net,bounced
nathaniel@barrows.io,bounced
cassey_tromp@reilly.co,bounced
rueben@mueller.co,bounced
broderick@langworth.info,bounced
jerold.aufderhar@brown.com,bounced
lynelle.dibbert@marks-ward.com,bounced
lenny_leffler@gibson.info,bounced
leo.block@abbott-kiehn.co,bounced
mabel@oconnell.com,bounced
eli_price@turner.org,bounced
emile@mills.info,bounced
adolph@schaden.org,bounced
albert@rice.name,bounced
cliff.shields@hane.co,bounced
chester.zemlak@jacobi.net,bounced
collene.heidenreich@konopelski.name,bounced
dori@hansen-mayert.com,bounced
leland_kessler@murphy.co,bounced
rosamond_hayes@hamill.biz,bounced
dusty@feeney.io,bounced
lanita_kertzmann@roberts.com,bounced
barry@stoltenberg.net,bounced
sidney.connelly@kris.net,bounced
eloy_moore@bernier.biz,bounced
andre.rogahn@lind.biz,bounced
steven_strosin@gibson-beatty.biz,bounced
marvin.turcotte@goldner-bahringer.biz,bounced
jonnie.willms@christiansen-muller.org,bounced
brinda@purdy.co,bounced
seth.langworth@dach.org,bounced
shonna.champlin@kassulke.info,bounced
eugenio@effertz.name,bounced
exie@roberts.io,bounced
preston@stark-paucek.io,bounced
warren_smith@leuschke-johnston.org,bounced
tommy@moen.net,bounced
tonja.kozey@swaniawski-pfeffer.com,bounced
louie@rice.com,bounced
tommy@keeling.info,bounced
gregory@wilderman-lindgren.info,bounced
kelvin@klocko.co,bounced
neomi@dubuque.co,bounced
marshall@muller.name,bounced
winifred@von-grimes.biz,bounced
randal@fahey.io,bounced
barry@sanford.biz,bounced
rosaline@moen.biz,bounced
zachery.schulist@hodkiewicz-damore.name,bounced
marilou@hintz.com,bounced
javier_kreiger@kuhic-frami.co,bounced
lavone.rath@little.com,bounced
nelson_satterfield@bradtke-ankunding.name,bounced
caren@mertz.net,bounced
hugo@shanahan.name,bounced
israel@hilpert-willms.co,bounced
rickie.hilll@davis.com,bounced
pedro@hilll.io,bounced
adan@bosco.com,bounced
tera@smitham.biz,bounced
derrick.schoen@haag.co,bounced
darline_willms@borer-rau.com,bounced
camelia.schiller@heathcote-olson.biz,bounced
darron@oconnell.info,bounced
zaida@lockman.io,bounced
toney@brekke.biz,bounced
elijah@cronin-little.com,bounced
warren@sipes.org,bounced
truman@volkman.biz,bounced
sudie_schneider@marvin.org,bounced
lucilla@carroll.net,bounced
joana.kuphal@bednar.info,bounced
teri_fahey@kautzer-bednar.org,bounced
tad_kreiger@fadel.io,bounced
hollis@howell.biz,bounced
stuart_mann@stanton-bernhard.net,bounced
alyce@jenkins.io,bounced
magaly@beer-schamberger.co,bounced
epifania.oconnell@schmitt.net,bounced
scotty@labadie.co,bounced
bobby.emmerich@metz.org,bounced
gwenda@welch-treutel.co,bounced
calvin@mohr.name,bounced
clarence.mccullough@wuckert-schaefer.info,bounced
cary_cartwright@cummings.com,bounced
howard_krajcik@schmitt-hand.name,bounced
elmo.daugherty@purdy.info,bounced
stephanie@gutkowski.io,bounced
darren.becker@bergstrom.io,bounced
alton.homenick@trantow.biz,bounced
steffanie@lang.co,bounced
ignacio@buckridge.biz,bounced
angelia_ankunding@tremblay.io,bounced
opal@rosenbaum.co,bounced
shantay@gutmann.biz,bounced
remedios_white@jast-beier.io,bounced
samella.cruickshank@funk-schmeler.biz,bounced
harvey@langworth.com,bounced
vincenzo.thiel@adams.biz,bounced
erick@lueilwitz.info,bounced
kristin.stracke@hauck.org,bounced
dwight@beier.com,bounced
lynn@romaguera-waelchi.io,bounced
rozella@volkman.com,bounced
marcelle@kunde.co,bounced
johnnie.renner@dicki.biz,bounced
beatris@reichel.name,bounced
dalila@hills.com,bounced
jesus.huels@prohaska-osinski.info,bounced
laquanda.lueilwitz@nicolas.info,bounced
garland@jacobs.net,bounced
cole.moen@rau.io,bounced
ignacio@olson-witting.info,bounced
elijah@langworth-baumbach.com,bounced
jamel_douglas@reilly.com,bounced
joel_yost@hagenes.co,bounced
leigh_dare@pouros.name,bounced
kareem@bashirian.org,bounced
eldon@roberts.info,bounced
vanita_kihn@botsford.info,bounced
adelina@runolfsdottir-skiles.biz,bounced
brent_schneider@swift-quitzon.net,bounced
lachelle_mosciski@daniel.org,bounced
lorelei_mcglynn@kassulke.info,bounced
evangeline@stark.com,bounced
rhett@kub.io,bounced
arthur@romaguera.co,bounced
jack_hegmann@fisher.net,bounced
kermit@hauck.name,bounced
mathew.greenfelder@rempel-zulauf.io,bounced
shanell@cruickshank.co,bounced
mozell@flatley.org,bounced
emil@feeney.info,bounced
hobert@yundt.info,bounced
asa@padberg.net,bounced
lurline.bins@torphy-deckow.io,bounced
marlo_kris@hand.name,bounced
drew.beer@ratke.org,bounced
leigh.shields@walsh-zemlak.io,bounced
joann@carter-mohr.co,bounced
ilona.luettgen@huel.name,bounced
abe_parisian@flatley.biz,bounced
annis_veum@okon-willms.com,bounced
kay_stroman@nicolas-balistreri.info,bounced
joseph@oconnell-will.co,bounced
olevia@ohara.co,bounced
roni@nader-ernser.org,bounced
annice@schulist-shields.name,bounced
bryan@welch-emard.io,bounced
angelina.brown@jakubowski.org,bounced
shanika@bins.io,bounced
charlie@boyle.io,bounced
branden.wintheiser@dietrich.org,bounced
lena@stracke.co,bounced
katheleen@senger-nicolas.com,bounced
brent_carter@yundt.net,bounced
manuel@kuvalis.name,bounced
madalyn_collins@armstrong.net,bounced
tam.white@johns.com,bounced
edwardo@harris.name,bounced
sima_dare@conroy.name,bounced
hassan.green@feest.info,bounced
cristobal_bogisich@rosenbaum.net,bounced
leland@marks.co,bounced
angelic@kautzer.info,bounced
hester@altenwerth.com,bounced
roosevelt@kemmer.name,bounced
florence@baumbach-schultz.net,bounced
deidra@farrell.info,bounced
ceola_paucek@weimann-walker.net,bounced
robin_bode@reilly-watsica.biz,bounced
hassan_conroy@torphy.com,bounced
mallie@wiza.biz,bounced
reggie@hirthe-howe.net,bounced
ludie_reilly@oreilly-klein.com,bounced
tonette@jacobs-kris.biz,bounced
alan@abshire.name,bounced
xuan@rohan-jakubowski.org,bounced
elias_bailey@ziemann.io,bounced
maggie.dare@walter-denesik.co,bounced
emilio@boyer-hilll.net,bounced
tabetha.orn@abshire.io,bounced
steve.kuphal@kuphal.info,bounced
mika@vonrueden.info,bounced
britt.johns@pacocha.net,bounced
charley@witting.co,bounced
lakiesha_lebsack@cummings-gleason.net,bounced
lacy.gulgowski@hermann.name,bounced
marquis@waters.com,bounced
judson.hoeger@hammes.name,bounced
markus_ullrich@koelpin.org,bounced
miyoko@roberts.com,bounced
eustolia@towne-boyle.com,bounced
janette@kemmer-kertzmann.info,bounced
wes@reynolds-grimes.io,bounced
lemuel@oberbrunner.co,bounced
rochel_satterfield@dooley.co,bounced
carlton@pfannerstill.name,bounced
yaeko.marks@bosco-blick.name,bounced
melita.paucek@aufderhar-bernhard.net,bounced
jesenia.hoeger@koss-fritsch.info,bounced
casey_king@strosin.biz,bounced
zachary@wilderman-bosco.org,bounced
elise@kirlin.io,bounced
hermelinda_feest@mclaughlin.info,bounced
agnes@yost.net,bounced
slyvia@flatley.io,bounced
elia@zieme.io,bounced
hassie.kreiger@bernier.name,bounced
reuben.parker@smitham.com,bounced
omar_gislason@rippin.co,bounced
darron@jacobi-rempel.name,bounced
justina.volkman@pfannerstill.org,bounced
maribeth@rau-ortiz.com,bounced
loree@lindgren-altenwerth.biz,bounced
gabriela_vonrueden@schaefer-tillman.com,bounced
luanne.graham@satterfield.org,bounced
ewa@mcdermott.biz,bounced
santos_nitzsche@mayer-braun.name,bounced
ofelia_gutkowski@terry.co,bounced
michal@zboncak.net,bounced
waylon.abbott@glover.co,bounced
alphonse@watsica.org,bounced
alden.auer@swift.net,bounced
wally@goldner.biz,bounced
harry_wisozk@swaniawski.io,bounced
rosaura@pollich-frami.info,bounced
erlene_willms@casper.com,bounced
raye@towne.io,bounced
terrence_leffler@schumm.net,bounced
oliver.hirthe@maggio.info,bounced
carroll@heidenreich.com,bounced
jewel@murray.info,bounced
vasiliki@abbott-davis.info,bounced
marvin.hauck@ohara.co,bounced
walker.ernser@farrell-schamberger.biz,bounced
sacha@bahringer-kohler.co,bounced
rochelle_purdy@cruickshank.com,bounced
herma@upton.com,bounced
thomasine@gottlieb.org,bounced
melisa@jast.com,bounced
malik@labadie-olson.org,bounced
rosario@casper.co,bounced
bryon@maggio-witting.io,bounced
warner.gerlach@schimmel-ratke.com,bounced
elmer@corwin-gleason.co,bounced
margarita@stehr.io,bounced
analisa.yundt@schulist-harber.io,bounced
gregory@mckenzie.net,bounced
marilu.cruickshank@haag-wisozk.info,bounced
jamar_langosh@cummerata-rippin.org,bounced
von.damore@langosh.org,bounced
golden_emmerich@runolfsdottir.co,bounced
claretha@dooley.co,bounced
jim_beahan@legros-howe.biz,bounced
malcom_howell@schumm.org,bounced
manuel_boyer@nader.info,bounced
gerald_keeling@botsford.io,bounced
elnora.white@bode.io,bounced
sam@considine-hirthe.co,bounced
lewis.douglas@marks.com,bounced
alonzo_rowe@jacobs.io,bounced
maurice@bergnaum-hammes.co,bounced
dominick_dickinson@rohan-cremin.net,bounced
valentin.carter@barton.com,bounced
merideth@kessler.com,bounced
alberto_hackett@collier-larkin.io,bounced
sheldon@fritsch.com,bounced
domingo@sipes.net,bounced
jerome@veum.io,bounced
angelia@kirlin.info,bounced
neil@berge.name,bounced
alex_medhurst@ullrich.io,bounced
colton@spencer.biz,bounced
len.grant@dickinson.net,bounced
chantell.jacobson@runolfsson.info,bounced
sallie@price.name,bounced
shane.gibson@kuhlman.co,bounced
luigi@herzog.biz,bounced
elijah@barrows-donnelly.org,bounced
yung_braun@kshlerin.info,bounced
daniel@jones.org,bounced
joan@kohler-doyle.net,bounced
rosita_marquardt@mann.io,bounced
ruthe_bahringer@kunde.io,bounced
ellamae_kautzer@jones.co,bounced
douglass@davis-sauer.name,bounced
alecia@terry.com,bounced
phoebe@ortiz-goldner.net,bounced
shavon_mayer@senger.biz,bounced
ignacio_ruecker@macgyver.biz,bounced
lore_conn@graham.biz,bounced
lenard.schneider@ziemann-anderson.co,bounced
jere_stracke@weimann.info,bounced
brain.gutkowski@gorczany-ward.com,bounced
rosamaria_funk@ryan.io,bounced
miyoko_ryan@stokes-bode.biz,bounced
korey@flatley-dickens.com,bounced
letty@ankunding.name,bounced
flo_cummings@gorczany.net,bounced
pablo.gerlach@schamberger-rodriguez.co,bounced
lavern_barrows@mclaughlin.io,bounced
refugio@kirlin.info,bounced
ron_hodkiewicz@crona-gulgowski.com,bounced
lucien_donnelly@ondricka.info,bounced
sherrie.ledner@rippin.co,bounced
lanita@bahringer-sipes.com,bounced
lacey@effertz.biz,bounced
royce_grimes@goodwin.net,bounced
viva_baumbach@spencer.name,bounced
werner@paucek.co,bounced
charise.hagenes@ebert.co,bounced
clifton@ratke.info,bounced
darryl@zemlak.info,bounced
maybell.daugherty@ziemann.name,bounced
reynaldo@hilll.org,bounced
eneida.hickle@witting-hahn.biz,bounced
naoma.rohan@collier-graham.info,bounced
weldon.mraz@mraz-braun.name,bounced
wilma_morar@okeefe.com,bounced
bunny@blanda.co,bounced
phillip.kautzer@ryan.com,bounced
jonathan@mayert-kiehn.net,bounced
kimber@nicolas-klein.co,bounced
hortensia@zieme.info,bounced
marna.spinka@breitenberg-senger.io,bounced
buford_heller@hagenes.name,bounced
rebbecca@rodriguez.biz,bounced
nakesha@fay.biz,bounced
daniele_sauer@predovic.com,bounced
tanna@tromp.biz,bounced
kellee_schowalter@treutel-gorczany.name,bounced
mari@casper-ward.co,bounced
ilana.mcglynn@schneider-ruecker.info,bounced
meg_anderson@marvin.org,bounced
nila_herman@oreilly-nolan.biz,bounced
norbert.spencer@barton.io,bounced
corine_labadie@friesen.net,bounced
zelda_monahan@nienow.io,bounced
richie@stamm-heidenreich.io,bounced
joesph@torphy.com,bounced
nery@connelly.net,bounced
stuart_howell@grimes-gislason.co,bounced
kip.jacobs@mitchell.info,bounced
alex@grady-paucek.net,bounced
gale@conn-kuphal.com,bounced
oda.powlowski@kozey.net,bounced
pansy@mann.info,bounced
domenic@parisian.com,bounced
cherilyn@nienow-cole.info,bounced
harley.carter@ohara.org,bounced
leonardo_stiedemann@ziemann.co,bounced
gearldine@ortiz-bechtelar.net,bounced
burma_corkery@howe-harvey.name,bounced
shemeka@mayer.co,bounced
derrick.kirlin@langworth.info,bounced
adelle@mcglynn.net,bounced
phyliss@feest.info,bounced
veda@hayes-sipes.biz,bounced
gracia.brown@ritchie.biz,bounced
concha_lakin@kunde.info,bounced
elvia@murazik.co,bounced
kelly@ohara-bartoletti.info,bounced
marjorie_kshlerin@trantow.name,bounced
adrianna@hettinger.com,bounced
kraig.spinka@zieme.co,bounced
lauretta@sporer.org,bounced
omar@blick-torp.biz,bounced
ross@toy.info,bounced
keenan_wiegand@buckridge.net,bounced
valentin@schuster.info,bounced
kendall.nicolas@adams-shields.info,bounced
duncan_howell@corkery.org,bounced
otha@wuckert-ratke.biz,bounced
brendon@swaniawski-daniel.com,bounced
federico@sauer.net,bounced
kevin@hansen-kirlin.com,bounced
caleb@funk-monahan.org,bounced
mimi_wolff@gulgowski.org,bounced
hung@homenick.org,bounced
timothy.satterfield@schroeder-kunze.info,bounced
helaine_mills@sporer-cronin.io,bounced
wyatt.bode@osinski.io,bounced
louisa.waters@dietrich.info,bounced
cierra_schimmel@cummings.co,bounced
joshua@rutherford.org,bounced
leonila@howell.co,bounced
cameron@denesik.name,bounced
emile@lubowitz-krajcik.name,bounced
len@heaney.co,bounced
pedro.willms@funk.net,bounced
tim.barrows@mosciski.com,bounced
floyd@haag.com,bounced
cody@dickens-block.info,bounced
bell_bailey@bergnaum.io,bounced
greg@stiedemann-haley.name,bounced
scotty@breitenberg.com,bounced
magda_doyle@stiedemann.info,bounced
merle_ritchie@rodriguez.biz,bounced
duane@casper.info,bounced
shena@graham-bogan.co,bounced
lyndsey@crist.co,bounced
glinda_hauck@abshire.org,bounced
antionette@ortiz-gleason.info,bounced
jacob.reichert@bruen.net,bounced
yevette.anderson@veum.info,bounced
yen_windler@padberg.net,bounced
page@cartwright.info,bounced
ruthie@mckenzie-reinger.org,bounced
malcolm_hoppe@walter-abernathy.net,bounced
erin.ernser@dare-larkin.com,bounced
paul_gutkowski@oberbrunner.net,bounced
lyndsay_walker@ernser.biz,bounced
loni@waelchi.co,bounced
man_strosin@kessler.com,bounced
emory.wilderman@doyle.co,bounced
stefanie_mayer@hegmann-legros.biz,bounced
sari.hettinger@renner.info,bounced
derick@trantow.com,bounced
ashley@collins.biz,bounced
alfred.huel@gusikowski.io,bounced
wilhelmina@goyette.io,bounced
shaquita@lynch.net,bounced
damon@ritchie-ebert.org,bounced
wiley_roob@mclaughlin.biz,bounced
jacqueline@ankunding-grant.co,bounced
sung.hayes@gibson.name,bounced
emil@gottlieb.com,bounced
rocky@bailey.io,bounced
beata_cronin@goodwin-pagac.co,bounced
valentine@koss.name,bounced
kenya.shanahan@lubowitz.info,bounced
asa@gusikowski.biz,bounced
danyell@davis-hane.biz,bounced
stephan@connelly.biz,bounced
artie@schinner-barton.net,bounced
edward.windler@jones.biz,bounced
maurita.mccullough@gerlach.biz,bounced
tonia.legros@donnelly-hansen.info,bounced
merna_daniel@gutmann-gottlieb.io,bounced
waldo_deckow@boyer.com,bounced
deeann@romaguera-harris.com,bounced
dorla@tillman.com,bounced
nicolas_carter@mayer.biz,bounced
yee_jaskolski@gislason-wilkinson.co,bounced
dan_koepp@olson.co,bounced
phil.walker@mcclure.info,bounced
patrica@kertzmann-haag.net,bounced
loren_kovacek@stroman.io,bounced
benjamin_weissnat@muller-schaefer.co,bounced
leslee.strosin@mosciski-wyman.info,bounced
arturo@wiza.net,bounced
cira@renner-zieme.io,bounced
joanne.beatty@reichel.biz,bounced
dylan.tillman@satterfield.name,bounced
colin_johnston@miller-konopelski.io,bounced
dudley@leuschke-rohan.io,bounced
chadwick.white@howe.co,bounced
elvina_hagenes@crona.io,bounced
douglas_hodkiewicz@cummings-schmeler.name,bounced
abram.wilkinson@cole-orn.biz,bounced
rowena@brown.biz,bounced
lakendra.medhurst@hyatt.co,bounced
reuben_romaguera@okeefe.net,bounced
alphonso_torphy@dubuque.info,bounced
tommie_bednar@leffler.net,bounced
kristofer@koch.net,bounced
everett.emard@fisher.info,bounced
shaneka@smitham.net,bounced
lashaun@johnson.com,bounced
beverley.kulas@schmeler.name,bounced
jone_wuckert@murazik.net,bounced
lenore_bosco@okuneva.org,bounced
bong.harber@collier.co,bounced
eric@gislason-corwin.biz,bounced
alexis@walsh-bergstrom.com,bounced
carroll@robel.info,bounced
allan_klocko@howe-jenkins.info,bounced
minna@krajcik-bogan.com,bounced
angie.rempel@mann.net,bounced
mickey.lind@hills.com,bounced
jacques@hudson.name,bounced
stephaine.schuppe@terry.net,bounced
jill.dare@deckow.org,bounced
cameron@jerde-fadel.com,bounced
darrel@heidenreich.io,bounced
albert@beier.io,bounced
ailene@bogan.com,bounced
kasey.buckridge@russel-mckenzie.io,bounced
ashley@sporer-waters.name,bounced
fritz@beier-crist.net,bounced
foster.volkman@hamill-kunde.info,bounced
margit@leuschke-sauer.info,bounced
beckie@vonrueden.com,bounced
courtney@fahey-rogahn.org,bounced
merle.kuphal@parisian-ledner.name,bounced
florentino@lebsack-west.net,bounced
heather@aufderhar-considine.com,bounced
marceline_raynor@wilderman-green.io,bounced
maybelle@gerlach.co,bounced
garfield_kemmer@bednar.com,bounced
minh@stamm.biz,bounced
vernell@dubuque.io,bounced
delmer@kulas.org,bounced
amada_turner@little-powlowski.name,bounced
sarita@boehm.info,bounced
simon@batz.biz,bounced
kelly@predovic.name,bounced
federico@blick-farrell.com,bounced
delmar@wunsch.com,bounced
jovan@jast.com,bounced
thomasine_vandervort@casper-hodkiewicz.io,bounced
zachariah.lind@stehr.com,bounced
rogelio@abbott.net,bounced
norene_tromp@terry-quigley.com,bounced
vannesa.flatley@yost.biz,bounced
coleman.wiegand@ondricka.net,bounced
mamie_bartoletti@welch.com,bounced
daren.kshlerin@schulist-ledner.com,bounced
leslie.olson@tromp-nicolas.name,bounced
denny_cartwright@reichel.co,bounced
otto@mann-runte.name,bounced
edie.cruickshank@hilpert.co,bounced
blanche_carter@friesen.com,bounced
romaine@ryan-morissette.org,bounced
arleen@wehner.io,bounced
kylee@marquardt.biz,bounced
britt@ruecker-hills.biz,bounced
harold.rempel@mayer-huels.co,bounced
remona@keebler.name,bounced
terry.daugherty@walsh-shields.io,bounced
ranee@schimmel-haag.name,bounced
susanne_reichert@marks-bartoletti.co,bounced
felica@toy.info,bounced
kasha_dickinson@koch-volkman.info,bounced
santos@waters-nikolaus.io,bounced
brianne@kuvalis.org,bounced
patience_russel@treutel.biz,bounced
garfield.quitzon@green.info,bounced
cyrus_murazik@wehner-olson.co,bounced
haywood_stanton@hermann.net,bounced
matilda@daugherty.biz,bounced
jan@marks.net,bounced
loren@hills.io,bounced
alberto@ruecker.io,bounced
russ@farrell-bahringer.org,bounced
minh@kuhlman.org,bounced
sage@welch.com,bounced
delmar@kuhic.info,bounced
letitia.skiles@schmitt-okon.io,bounced
ira@okeefe.co,bounced
nohemi.rowe@koelpin-collins.io,bounced
glynda_russel@wolf-emard.com,bounced
aurea@streich-gulgowski.org,bounced
fredrick@shanahan-boehm.net,bounced
erna_boyer@hodkiewicz.net,bounced
tom@brakus-greenfelder.biz,bounced
torrie@heaney.org,bounced
hilary@predovic.org,bounced
dionna.grimes@dibbert.info,bounced
olive.borer@stamm.biz,bounced
faye_bogan@reinger.name,bounced
young@nader.com,bounced
rico_beier@hirthe.io,bounced
simona@volkman-simonis.com,bounced
tera@hansen-altenwerth.co,bounced
vernon@mcclure.org,bounced
karren_schiller@kovacek.io,bounced
sirena.renner@thiel-kovacek.org,bounced
sharie_conn@toy-purdy.name,bounced
leonard.sauer@schaefer-hagenes.name,bounced
bernice@cartwright-keebler.name,bounced
jacques.lebsack@predovic.name,bounced
rickey.schmitt@schinner-legros.info,bounced
bert.nienow@ondricka.net,bounced
agripina_keeling@beatty.net,bounced
waldo@gleichner.co,bounced
martha.pfannerstill@sauer.net,bounced
lai_schinner@lowe-muller.biz,bounced
nancie@mertz.net,bounced
rina@wiegand-schuster.com,bounced
william@lubowitz.io,bounced
randa_bergstrom@legros.biz,bounced
porfirio@haag.com,bounced
max_rogahn@ziemann-leuschke.org,bounced
lynn@goyette.name,bounced
stepanie@towne.info,bounced
oren_nikolaus@wilderman-collins.io,bounced
scot.durgan@buckridge.info,bounced
lester.bechtelar@bergnaum.co,bounced
aura_kuhlman@swift.org,bounced
lorina@langworth-mcdermott.io,bounced
luna@yost-von.info,bounced
booker_mraz@quigley.org,bounced
kylee_kihn@stiedemann.name,bounced
todd@koepp.com,bounced
antonio.goodwin@bosco.org,bounced
armandina.wisozk@bergnaum.name,bounced
elias@wiegand.biz,bounced
titus_nader@stokes-stanton.net,bounced
linda@corkery-grant.io,bounced
arlie@schmitt.com,bounced
odell.ryan@auer.io,bounced
dillon.beier@thiel.name,bounced
zoila@simonis-erdman.com,bounced
benito@gleichner-stark.info,bounced
santiago@grady-romaguera.com,bounced
clint_koss@runolfsson.io,bounced
elizabet.metz@haley.net,bounced
sanford.hettinger@hessel.biz,bounced
kevin@gleichner.co,bounced
loralee.treutel@roberts-goodwin.co,bounced
dorthea_weimann@champlin.co,bounced
julius.greenfelder@barton-herzog.co,bounced
lupe.kulas@trantow-rutherford.name,bounced
lyndsay@zemlak.co,bounced
graham@kulas.com,bounced
mirta.grady@aufderhar.net,bounced
madelyn_leffler@ondricka-kessler.com,bounced
marquerite.labadie@considine-fisher.info,bounced
frida_mccullough@streich.co,bounced
scottie@quigley.name,bounced
reid@brown-veum.info,bounced
yoko_toy@wiza-cartwright.org,bounced
jackeline.lang@schaden-block.com,bounced
yasmin.toy@bahringer.org,bounced
johnnie.kub@jakubowski.biz,bounced
adam@franecki.info,bounced
enoch.bernier@cummerata.net,bounced
raul@willms.co,bounced
jerrod.block@bogan-koss.net,bounced
rupert.langosh@deckow.io,bounced
malcom@conroy.biz,bounced
carmen@johnson-ratke.name,bounced
sasha@heaney.co,bounced
lanelle.oberbrunner@wisoky.com,bounced
maren_bartoletti@kunde.co,bounced
santiago@reichert.org,bounced
leslee@kub.org,bounced
chauncey.crist@heidenreich.io,bounced
tarah@ankunding.name,bounced
numbers@dare.io,bounced
edison_hermann@schmitt.net,bounced
reuben.bashirian@treutel-kunde.co,bounced
enoch_oconner@koch-friesen.io,bounced
denver@goldner-toy.com,bounced
luann_brakus@sipes.com,bounced
ali@walter-keeling.info,bounced
retta.reinger@trantow-koelpin.com,bounced
iona.toy@roberts.org,bounced
rosalyn.blick@stracke.biz,bounced
clair@fay.info,bounced
hubert_gleichner@wolf.biz,bounced
zora@oberbrunner-cormier.co,bounced
celestine@champlin.org,bounced
natalia_haag@bailey.name,bounced
tim@bashirian-shields.co,bounced
georgie.schimmel@stokes-lehner.org,bounced
stuart@gislason-little.info,bounced
china.mohr@baumbach.io,bounced
marisol.roberts@feest.biz,bounced
jackeline@klocko-hickle.name,bounced
bernard@schneider.co,bounced
lyman.stamm@larson.com,bounced
robbyn.abbott@schmeler-franecki.org,bounced
milo@heidenreich.org,bounced
rubie@boyle-mcdermott.biz,bounced
charles.davis@hamill.org,bounced
lovie@lubowitz-turcotte.io,bounced
jerald@luettgen.biz,bounced
carmella@quitzon-lemke.name,bounced
elene@hills-jerde.info,bounced
francene@zemlak-gleichner.co,bounced
cordia_mccullough@okon.io,bounced
beverlee.skiles@aufderhar.name,bounced
ernesto.kulas@koelpin.net,bounced
blanch.jacobs@green.com,bounced
dexter@daniel-beier.co,bounced
edison_swift@halvorson-swaniawski.net,bounced
vernon@legros-pagac.info,bounced
salome@kozey-green.info,bounced
bethany.hodkiewicz@sipes.name,bounced
bonny_ledner@wolff-heidenreich.net,bounced
shona@hand-brakus.com,bounced
aubrey@erdman.org,bounced
colette_wintheiser@lowe-legros.name,bounced
quentin@schumm-connelly.co,bounced
eleanora@huels.co,bounced
andrea@bauch-bayer.net,bounced
rufus.waelchi@runolfsdottir.io,bounced
connie@smitham.org,bounced
lemuel.rutherford@koepp.org,bounced
natasha.murray@heathcote.io,bounced
melia@nitzsche.co,bounced
celestine@bednar.biz,bounced
bradley@wisoky-wolf.org,bounced
josette@carter.net,bounced
leland@feeney.io,bounced
merrill.wiza@abbott-altenwerth.io,bounced
amanda@conn.io,bounced
roland.schmeler@mueller.com,bounced
bridgett@luettgen.name,bounced
lang@hermiston.info,bounced
josiah_parisian@upton.io,bounced
lynn@prohaska.org,bounced
giuseppina@doyle.org,bounced
tricia.pfannerstill@abshire.io,bounced
vernon@reichel-feil.org,bounced
beckie@langosh-ruecker.net,bounced
salvatore@hegmann.io,bounced
gerardo@sanford-homenick.net,bounced
jim@harris-bechtelar.net,bounced
gabriella_wilkinson@kautzer-turcotte.org,bounced
karima.welch@abshire.biz,bounced
roman@fahey-haag.io,bounced
dolores_kub@raynor.name,bounced
freddie@kuhlman.com,bounced
meridith@collier.com,bounced
asa_little@crona.com,bounced
dominic@douglas-kunde.com,bounced
lucio@boyle-heidenreich.info,bounced
matthew@bosco.com,bounced
alonso@lehner-crona.net,bounced
retha@witting.com,bounced
tristan@wuckert.co,bounced
richard.corkery@hirthe-jacobi.com,bounced
brianna@robel-lowe.info,bounced
roxana.doyle@monahan.org,bounced
mitchell@corkery-stehr.name,bounced
millicent_leannon@ziemann.info,bounced
jaime_dare@daugherty.name,bounced
roseline.bahringer@champlin.net,bounced
felicitas@cruickshank-bernier.biz,bounced
francisca.kemmer@wilderman-daugherty.org,bounced
shayla.gusikowski@hansen.co,bounced
soledad@gutmann.biz,bounced
paulette_schmeler@price.org,bounced
oswaldo@maggio.co,bounced
dong@oberbrunner-cummings.com,bounced
lieselotte_will@shields-oconner.net,bounced
michel_wilderman@fay.io,bounced
scotty.nolan@hahn-dare.info,bounced
qiana@mayer.org,bounced
nereida@streich-quitzon.net,bounced
patricia@hamill.net,bounced
ferdinand@schmeler-lemke.name,bounced
claude@labadie-murphy.biz,bounced
clark@stokes.name,bounced
chester_bahringer@doyle.name,bounced
wilford.hickle@koelpin-willms.net,bounced
hilario.daniel@senger.io,bounced
tessa@kihn-blanda.org,bounced
tobi@waters.info,bounced
edison@wiza-hudson.info,bounced
